ID_FAMILLE;SLUG_FR;LANGUE;EXTRAIT;SOURCE_DANS_TEXTE;MOTIF;ECART_FR_EN
67d154e9a53d05fd8c219b8c;guide-photographie-packshot-pourquoi-faire-packshots;toutes;Un opérateur sans formation photo avancée peut produire 200 à 500 packshots par jour avec une qualité constante du premier au dernier visuel.;aucune (le lien voisin pointe vers la page commerciale /fr/studios-photo-automatises);Chiffre de productivité non sourcé, présenté comme général.;EN identique (« 200 to 500 packshots per day ») , de-ch identique.
67d154e9a53d05fd8c219b8c;guide-photographie-packshot-pourquoi-faire-packshots;toutes;Le ROI typique se situe entre 6 et 12 mois pour les entreprises produisant plus de 500 visuels par an, avec une réduction du coût par image de l'ordre de 60 à 80 %.;aucune;Chiffres de ROI et de baisse de coût non sourcés. [Inférence] Le seuil « plus de 500 visuels par an » paraît incohérent avec une capacité annoncée de 200 à 500 packshots par jour et avec un amortissement en 6 à 12 mois , à valider.;EN identique (« Typical ROI lands between 6 and 12 months … 60 to 80% ») , de-ch identique.
67d154e9a53d05fd8c219b8c;guide-photographie-packshot-pourquoi-faire-packshots;toutes;le studio automatisé devient la seule réponse rentable;aucune;Superlatif exclusif (« la seule »).;EN « the only economically viable answer » , de-ch « zur einzigen rentablen Antwort ».
67d154e9a53d05fd8c219b8c;guide-photographie-packshot-pourquoi-faire-packshots;toutes;fond blanc parfait sans retouche, détourage automatique;aucune;Promesse de résultat absolu (« parfait », « sans retouche »).;EN « perfect white background with no retouching » , de-ch « perfekter weisser Hintergrund ohne Retusche ».
67d154e9a53d05fd8c219b8c;guide-photographie-packshot-pourquoi-faire-packshots;toutes;Le terme « packshot » est officiellement reconnu en France. Le Journal officiel a établi la terminologie officielle de la photographie publicitaire de produit dès le décret de 1983 , complété en 2000.;aucune;Fait institutionnel non sourcé, à vérifier au Journal officiel (voir erreurs).;EN « officially recognised in the Journal officiel français (1983 decree, updated 2000) » , de-ch identique au FR.
67d154e9a53d05fd8c219b8c;guide-photographie-packshot-pourquoi-faire-packshots;fr;Au Québec, on parle plutôt de « photo d'emballage » .;aucune;Usage terminologique non sourcé.;Absent en EN , présent en de-ch (traduit « Verpackungsfoto »).
67d154e9a53d05fd8c219b8c;guide-photographie-packshot-pourquoi-faire-packshots;en;In the UK, the IAB (Interactive Advertising Bureau) and broadcast standards bodies have codified packshot requirements for digital advertising.;aucune;Affirmation propre à l'EN, non sourcée, sur des organismes nommés.;Absent en FR et de-ch.
67d154e9a53d05fd8c219b8c;guide-photographie-packshot-pourquoi-faire-packshots;toutes;C'est PackshotCreator qui a révolutionné le domaine en inventant le concept du studio packshot automatisé.;aucune;Revendication d'invention et d'antériorité (« premier système intégré », « des milliers d'entreprises ») non sourcée , à valider par la direction, d'autant que le corps présente PackshotCreator comme distributeur des systèmes Orbitvu.;EN « PackshotCreator revolutionized the field by inventing… » identique , de-ch renforce « relativement automatisé » en « weitgehend automatisierten ».
67d154e9a53d05fd8c219b8c;guide-photographie-packshot-pourquoi-faire-packshots;toutes;Des solutions comme les systèmes Orbitvu permettent de produire des packshots professionnels en quelques secondes, sans compétences photographiques avancées.;aucune;Promesse de délai (« en quelques secondes »).;EN « with no photography expertise required » supprime « avancées » : claim renforcé , de-ch fidèle au FR.
67d154e9a53d05fd8c219b8c;guide-photographie-packshot-pourquoi-faire-packshots;toutes;photographe spécialisé en photographie packshot depuis plus de 20 ans;aucune;Ancienneté déclarative (bio auteur).;EN « for over 20 years » , de-ch « seit über 20 Jahren ».
67d154e9a53d05fd8c219b8c;guide-photographie-packshot-pourquoi-faire-packshots;toutes;Un packshot professionnel présente une résolution minimale de 2000 pixels sur le côté le plus long (idéalement 3000 à 4000 pixels);aucune;Norme présentée comme générale , la mention DPI qui suit est techniquement erronée.;EN et de-ch identiques.
67d154e9a53d05fd8c219b8c;guide-photographie-packshot-pourquoi-faire-packshots;fr;Guide complet 2026;aucune;Millésime dans la description : obsolescence programmée , article présenté dans le corps comme premier volet d'une série.;EN « Complete guide 2026 » , de-ch « Vollständiger Leitfaden 2026 ».
67d1975fa90cac69a07d7874;comment-mettre-en-valeur-un-produit-guide-photographie-packshot;toutes;Cette technologie, combinée aux diffuseurs intégrés, garantit des photos nettes sans reflets indésirables;aucune;Promesse absolue sur le contrôle des reflets.;Le FR dit « garantit », l'EN atténue en « ensures », le de-ch en « sorgt … für ».
67d1975fa90cac69a07d7874;comment-mettre-en-valeur-un-produit-guide-photographie-packshot;toutes;Le système d'éclairage cylindrique de l'Orbitvu Alphashot Micro PRO V2 avec portes latérales rétroéclairées permet un contrôle précis des reflets.;aucune;Caractéristiques matérielles à vérifier, ainsi que la dénomination du produit.;
67d1975fa90cac69a07d7874;comment-mettre-en-valeur-un-produit-guide-photographie-packshot;toutes;Ces préréglages assurent une homogénéité parfaite sur l'ensemble du catalogue;aucune;« Parfaite » : superlatif.;Aucun : l'EN dit « perfect consistency », le de-ch « perfekte Einheitlichkeit ».
67d1975fa90cac69a07d7874;comment-mettre-en-valeur-un-produit-guide-photographie-packshot;toutes;Les studios automatisés Orbitvu s'adaptent à vos besoins avec des configurations prédéfinies par type de produit.;aucune;Fonctionnalité logicielle à vérifier.;
67d1975fa90cac69a07d7874;comment-mettre-en-valeur-un-produit-guide-photographie-packshot;toutes;Studios photo automatisés : la solution idéale;aucune;Superlatif en intertitre.;Aucun : l'EN dit « the ideal solution », le de-ch « die ideale Lösung ».
67d1975fa90cac69a07d7874;comment-mettre-en-valeur-un-produit-guide-photographie-packshot;toutes;Alphashot Micro v2 : spécialement conçu pour la macrophotographie des bijoux et pierres précieuses;lien /fr/studio-photo/alphashot-micro-v2;Les recommandations de studio par secteur (dont Alphastudio Compact et E-Comm Studio+ pour les meubles, Alphatable et Alphadesk pour la mode) sont à valider par l'équipe produit.;
67dd331edc2f76e4765a968b;quel-format-d-image-pour-le-web;toutes;Depuis la version 24.1.0, Orbitvu Station propose l’export en AVIF.;https://orbitvu.com/blog/orbitvu-station-2410-step-your-shadow-game/;Contredit par la FAQ (« Orbitvu Station 24.2.0 supporte désormais l'export des présentations en formats AVIF et WebP »).;
67dd331edc2f76e4765a968b;quel-format-d-image-pour-le-web;toutes;Dans 90 % des cas, c’est parce qu’elles sont trop lourdes ou mal compressées. Des formats comme le PNG (utilisé à tort) ou des JPEG non optimisés peuvent doubler le temps de chargement d’une page.;aucune;Statistique et ordre de grandeur non sourcés (FAQ).;
67dd331edc2f76e4765a968b;quel-format-d-image-pour-le-web;toutes;Le service Orbitvu SUN gère intelligemment les formats d'images en servant du WebP lorsque le navigateur le supporte, et bascule automatiquement vers le JPEG ou PNG si nécessaire. Cette approche garantit une compatibilité universelle.;aucune;Fonction produit et promesse « universelle » à vérifier auprès d'Orbitvu.;
67dd331edc2f76e4765a968b;quel-format-d-image-pour-le-web;toutes;Les studios Orbitvu gèrent cela automatiquement, avec un double export WebP + JPEG si nécessaire.;aucune;Fonctions produit à vérifier, comme « Les studios Orbitvu permettent de régler automatiquement le niveau de compression » et « Les studios Orbitvu exportent en PNG uniquement lorsque la transparence est essentielle ».;
67dd331edc2f76e4765a968b;quel-format-d-image-pour-le-web;toutes;Il améliore également le référencement naturel (SEO).;aucune;Effet SEO direct d'un format affirmé sans source.;
67dd331edc2f76e4765a968b;quel-format-d-image-pour-le-web;toutes;Ce format est en cours d’adoption et constitue une avance stratégique;aucune;Fait daté à revalider (état de la prise en charge d'AVIF au moment de la republication).;
67dd331edc2f76e4765a968b;quel-format-d-image-pour-le-web;toutes;photographe spécialisé en photographie packshot depuis plus de 20 ans.;aucune;Donnée biographique à confirmer par l'intéressé.;absent de l'EN (pas d'encart auteur)
67dd331edc2f76e4765a968b;quel-format-d-image-pour-le-web;en;Near Lyon, the Orbitvu Experience Center allows you to test the equipment, attend demonstrations, and discuss with experts on best practices in commercial photography.;lien vers /en/contact;Lieu modifié le 12/06/2026 (version importée : « TO Levallois-Perret », FR importé : « À Levallois-Perret ») , le bloc n'existe plus en FR. À confirmer.;bloc absent du FR actuel
67dd331edc2f76e4765a968b;quel-format-d-image-pour-le-web;en;One of the strengths ofOrbitvu resides in his exceptional customer support;aucune;Superlatif promotionnel conservé seulement en EN, avec « This proactive approach limits interruptions and maximizes the lifespan of your investment ».;bloc supprimé du FR le 07/05/2026
67dd331edc2f76e4765a968b;quel-format-d-image-pour-le-web;toutes;Comparatif complet : poids, qualité, compatibilité navigateurs et impact sur vos ventes en ligne.;aucune;Promesse de la description (FR et de-ch « Vollständiger Vergleich ») non tenue par le corps.;EN : « Discover the best image formats (JPEG, WebP, AVIF...) for product, commercial and e-commerce photography. Optimize quality, weight and SEO. »
67bd9c4543007488e1bbf99e;votre-studio-photo-interne-3-bonnes-pratiques-pour-lorganiser;toutes;Avec ses 74 sources lumineuses indépendantes et son assistant photo IA, il permet de capturer des images de haute qualité, même pour les produits les plus complexes, en un temps record.;lien /fr/studio-photo/alphashot-pro-g2;Caractéristique chiffrée (74 sources) à vérifier , « en un temps record » non étayé.;Aucun : l'EN dit « 74 independent light sources », « in record time ».
67bd9c4543007488e1bbf99e;votre-studio-photo-interne-3-bonnes-pratiques-pour-lorganiser;toutes;Des systèmes comme l' Alphashot Pro G2 d'Orbitvu révolutionnent la photographie de produits.;aucune;« Révolutionnent » : superlatif promotionnel.;Aucun : l'EN dit « are revolutionizing ».
67bd9c4543007488e1bbf99e;votre-studio-photo-interne-3-bonnes-pratiques-pour-lorganiser;toutes;Un bon logiciel de workflow peut doubler la production d'images quotidienne.;aucune;Gain de productivité chiffré (×2) sans source.;Aucun : l'EN dit « can double daily image production ».
67bd9c4543007488e1bbf99e;votre-studio-photo-interne-3-bonnes-pratiques-pour-lorganiser;toutes;La résolution minimale reste 1500x1500 pixels, idéalement 2048x2048 pour les produits. Le fond blanc à 100% sans ombres est toujours exigé.;aucune;Généralisation à « les revendeurs en ligne » de normes propres à chaque place de marché. « Toujours exigé » est absolu.;Aucun : l'EN dit « is still required ».
67bd9c4543007488e1bbf99e;votre-studio-photo-interne-3-bonnes-pratiques-pour-lorganiser;toutes;La taille cible est inférieure à 100 Ko par image.;aucune;Seuil non sourcé, discutable pour des images de 2048 px.;
67bd9c4543007488e1bbf99e;votre-studio-photo-interne-3-bonnes-pratiques-pour-lorganiser;toutes;Les revendeurs en ligne privilégient désormais les formats AVIF et WebP pour leur compression optimale;aucune;Tendance présentée comme générale, sans source.;
67bd9c4543007488e1bbf99e;votre-studio-photo-interne-3-bonnes-pratiques-pour-lorganiser;toutes;Profitez de l' Orbitvu Experience Center près de Lyon, pour des formations pratiques et un support sur mesure;lien Google Maps (cid=16728861988640520249);Existence, localisation et offre de formation à valider.;
67bd9c4543007488e1bbf99e;votre-studio-photo-interne-3-bonnes-pratiques-pour-lorganiser;toutes;Des plateformes comme BrightRiver utilisent l'IA pour automatiser la retouche et la personnalisation des images;https://bright-river.com/ (FR) , https://www.pixelz.com/ (EN, erroné);Description d'un prestataire tiers à vérifier. Le lien EN pointe vers une autre société.;Les cibles de lien diffèrent entre FR et EN.
67d82e262aac0dd33ff134fd;photographie-360-amazon;toutes;Une étude citée par Market Expert 24 révèle que les acheteurs observant des animations à 360° sont 14% plus enclins à finaliser un achat qu’avec des images fixes.;aucune (source nommée sans lien);Statistique de seconde main, source peu identifiable.;EN « 14% more likely to complete a purchase only with still images » : sens altéré, comparaison perdue.
67d82e262aac0dd33ff134fd;photographie-360-amazon;toutes;"Selon Forbes , ""Des marques de bijoux de luxe aux constructeurs automobiles, les vendeurs en ligne exploitent le potentiel des visuels à 360° pour augmenter leur taux de conversion.""";aucune (source nommée sans lien);Citation traduite sans référence , texte d'origine à retrouver.;EN retraduit la citation (« online retailers are exploiting the potential… »), fidélité à l'original non vérifiable.
67d82e262aac0dd33ff134fd;photographie-360-amazon;toutes;Amazon l’a bien compris et permet désormais à ses vendeurs d’ajouter ce type d’animation à leurs fiches produits.;aucune;Fonctionnalité Amazon datée (« désormais ») : conditions actuelles à vérifier.;
67d82e262aac0dd33ff134fd;photographie-360-amazon;toutes;Format carré (minimum 1000 x 1000 pixels),;aucune;Règles d'image Amazon (format carré, 85 %, formats « JPEG, TIFF, GIF », fond 255/255/255, « jusqu'à huit images alternatives ») à vérifier contre la documentation Amazon en vigueur.;
67d82e262aac0dd33ff134fd;photographie-360-amazon;toutes;ces animations comblent l’absence du toucher en e-commerce et réduisent le taux de retour .;aucune;Effet sur les retours affirmé sans donnée (repris en FAQ : « réduit le taux de retour et pousse l’algorithme à vous favoriser »).;
67d82e262aac0dd33ff134fd;photographie-360-amazon;toutes;Faux. Avec un studio automatisé Orbitvu, vous créez vos propres visuels en quelques minutes, sans être photographe. Une fois en place, c’est automatique et ultra-rentable.;aucune;Promesses de délai et de rentabilité , « gratuitement » dans la même réponse.;EN « highly profitable », équivalent.
67d82e262aac0dd33ff134fd;photographie-360-amazon;toutes;Produire ses propres visuels à 360° avec un studio photo automatisé , garantissant une rapidité d’exécution et une maîtrise totale de la qualité .;aucune;« garantissant », « totale ».;
67e6349eb42eb679f09a208c;e-commerce-4-fondamentaux-pour-reduire-les-abandons-de-panier;toutes;avec des taux qui peuvent dépasser 70 % selon les secteurs ( Optimonk ).;https://www.optimonk.com/reduce-shopping-cart-abandonment-rate/;Statistique sourcée , à vérifier dans la page cible.;EN « can exceed 70% by sector » : nuance de « selon les secteurs » affaiblie.
67e6349eb42eb679f09a208c;e-commerce-4-fondamentaux-pour-reduire-les-abandons-de-panier;toutes;D’après Social Media Examiner , un catalogue enrichi de visuels de qualité retient 35 % de temps en plus l’attention des internautes.;https://www.optimonk.com/reduce-shopping-cart-abandonment-rate/ (ne correspond pas à la source nommée);La source nommée et la source liée diffèrent.;EN incompréhensible (« selected 35% more time the attention »).
67e6349eb42eb679f09a208c;e-commerce-4-fondamentaux-pour-reduire-les-abandons-de-panier;toutes;60 % des internautes lisent au moins quatre avis avant de se décider ( Sellercraft ).;https://sellercraft.co/understanding-and-combatting-shopping-cart-abandonment-in-e-commerce-marketplaces-in-2025/;Statistique sourcée , à vérifier dans la page cible.;
67e6349eb42eb679f09a208c;e-commerce-4-fondamentaux-pour-reduire-les-abandons-de-panier;toutes;Exemple : ASOS a repensé son checkout mobile, avec options locales et paiement simplifié. Résultat : +50 % de conversions sur mobile ( Crobox ).;https://blog.crobox.com/article/reduce-cart-abandonment-in-2025;Résultat chiffré d'un tiers , à vérifier dans la source.;
67e6349eb42eb679f09a208c;e-commerce-4-fondamentaux-pour-reduire-les-abandons-de-panier;toutes;Ce type de campagne peut augmenter les conversions de jusqu'à 26 % ( Shopify ).;https://www.shopify.com/blog/shopping-cart-abandonment;Statistique sourcée , le « jusqu'à » est conservé en EN.;Aucun sur le chiffre (« of up to 26% »).
67e6349eb42eb679f09a208c;e-commerce-4-fondamentaux-pour-reduire-les-abandons-de-panier;toutes;Orbitvu permet aux e-commerçants de produire, en interne, des contenus visuels de qualité constante, en un temps record. Plus besoin d’envoyer les produits en studio. Plus besoin de retoucher manuellement chaque image.;aucune;Promesses absolues (FAQ) : « temps record », « plus besoin de retoucher ».;EN « in record time », « No need to manually retouch each image » : identiques.
67e6349eb42eb679f09a208c;e-commerce-4-fondamentaux-pour-reduire-les-abandons-de-panier;toutes;Un visuel interactif, bien intégré, augmente le temps passé sur la page, réduit les retours et booste la conversion. C’est mesurable. Et c’est rentable.;aucune;Affirmations de résultat sans donnée (FAQ).;
67e6349eb42eb679f09a208c;e-commerce-4-fondamentaux-pour-reduire-les-abandons-de-panier;toutes;Aujourd’hui, les technologies comme Orbitvu ou les outils de personnalisation par IA sont accessibles, évolutifs et conçus pour s’intégrer facilement à n’importe quelle plateforme e-commerce.;aucune;Compatibilité universelle affirmée (« n’importe quelle plateforme »).;EN « any e-commerce platform » : identique.
67e6349eb42eb679f09a208c;e-commerce-4-fondamentaux-pour-reduire-les-abandons-de-panier;toutes;N’oubliez pas l’ expérience mobile , devenue majoritaire.;aucune;Affirmation statistique implicite non sourcée.;
67e646d359a299f6dc765521;5-appareils-photo-en-simultane-pour-de-lanimation-3d-realiste;toutes;Le Parc archéologique de Pompéi a numérisé plus de 5 000 artefacts en 3 mois grâce à l’Alphashot XL PRO v2.;lien vers la page d'accueil https://pompeiisites.org/en/ (ne documente pas le chiffre) , vidéo YouTube 8uq7kD1DoEM;Cas client chiffré attribué à une institution nommée : source précise à fournir.;EN « has scanned more than 5,000 artifacts in 3 months » : identique.
67e646d359a299f6dc765521;5-appareils-photo-en-simultane-pour-de-lanimation-3d-realiste;toutes;première solution du marché à associer automatisation photographique et préparation de données 3D;lien lesnumeriques.com (article sur le MaestroBot, ne prouve pas l'antériorité);Claim d'antériorité « première solution du marché ».;
67e646d359a299f6dc765521;5-appareils-photo-en-simultane-pour-de-lanimation-3d-realiste;toutes;Chez PackshotCreator, nous maîtrisons cette technique depuis 2014 grâce à la gamme MaestroBot;lien lesnumeriques.com;Cohérent avec la chronologie du site (messages/fr.json, 2014 : « MaestroBot démocratisant la photogrammétrie ») , à conserver si la source le confirme.;
67e646d359a299f6dc765521;5-appareils-photo-en-simultane-pour-de-lanimation-3d-realiste;toutes;Grâce à ses dimensions généreuses (142 x 250 x 124 cm) et sa capacité de charge (25 kg), ce studio permet de capturer une large variété de produits, jusqu’à 70 x 50 x 30 cm.;aucune;Le catalogue du site (machines.ts, alphashot-xl-pro-v2) donne une emprise de 142 × 87 × 176 cm , la charge (25 kg) et la taille produit (50 × 70 × 30 cm) concordent. Dimensions de l'appareil à vérifier.;
67e646d359a299f6dc765521;5-appareils-photo-en-simultane-pour-de-lanimation-3d-realiste;toutes;6 panneaux LED indépendants assurant un éclairage uniforme et sans ombre;aucune;Spécification et promesse « sans ombre » à confirmer , idem « Plateau motorisé de 75 cm ».;
67e646d359a299f6dc765521;5-appareils-photo-en-simultane-pour-de-lanimation-3d-realiste;toutes;144 à 300 images par objet (jusqu’à 24 azimuts × 12 élévations);aucune;Incohérence arithmétique (24 × 12 = 288).;
67e646d359a299f6dc765521;5-appareils-photo-en-simultane-pour-de-lanimation-3d-realiste;toutes;Il s’impose ainsi comme l’outil de référence pour préparer efficacement vos données 3D;aucune;Superlatif.;
67e646d359a299f6dc765521;5-appareils-photo-en-simultane-pour-de-lanimation-3d-realiste;toutes;pour générer des modèles 3D d’une précision exceptionnelle;aucune;Qualificatif non mesuré.;
67e646d359a299f6dc765521;5-appareils-photo-en-simultane-pour-de-lanimation-3d-realiste;toutes;Cela garantit une qualité optimale pour la reconstruction 3D.;aucune;« garantit ».;
67e168ab52289ca859bb7f48;est-il-utile-dinternaliser-sa-production-de-photos-packshot;toutes;Un prestataire externe facture généralement entre 300 € et 600 € par jour selon la complexité des prises de vue.;aucune;Tarif de marché non sourcé.;EN « between €300 and €600 per day » identique.
67e168ab52289ca859bb7f48;est-il-utile-dinternaliser-sa-production-de-photos-packshot;toutes;Pour les visuels spécialisés (packshots à 360°, multi-angles), ce tarif peut grimper jusqu'à 700-900 € par jour .;aucune;Tarif non sourcé.;EN identique.
67e168ab52289ca859bb7f48;est-il-utile-dinternaliser-sa-production-de-photos-packshot;toutes;Coût annuel avec prestataire externe (à 400€/jour) : 92 400 €;aucune;Erreur arithmétique (88 400 € sur 221 jours) , hypothèse « 50 packshots par semaine » non reliée au tarif journalier.;EN identique (92,400€).
67e168ab52289ca859bb7f48;est-il-utile-dinternaliser-sa-production-de-photos-packshot;toutes;Réduction des retours produits (de 5 à 15% selon les études du secteur e-commerce*) grâce à des représentations plus fidèles;aucune (astérisque sans note);Chiffre présenté comme sourcé sans l'être.;EN identique.
67e168ab52289ca859bb7f48;est-il-utile-dinternaliser-sa-production-de-photos-packshot;toutes;Augmentation du taux de conversion de 5 à 20% avec des visuels à 360° et multi-angles*;aucune (astérisque sans note);Chiffre non sourcé.;EN identique.
67e168ab52289ca859bb7f48;est-il-utile-dinternaliser-sa-production-de-photos-packshot;toutes;Un retour sur investissement clair et rapide , dès la première année d’utilisation.;aucune;Promesse de ROI dès la première année, alors que les chiffres d'amortissement ont été retirés du corps (l'import parlait d'un point mort après 12-15 mois).;EN « from the first year of use » identique.
67e168ab52289ca859bb7f48;est-il-utile-dinternaliser-sa-production-de-photos-packshot;toutes;Le point mort est généralement atteint rapidement, au-delà duquel chaque visuel produit représente une économie nette.;aucune;Affirmation vague qui a remplacé un chiffre (« après environ 12-15 mois » dans l'import) , à cadrer ou à renvoyer vers le calculateur ROI.;EN identique.
67e168ab52289ca859bb7f48;est-il-utile-dinternaliser-sa-production-de-photos-packshot;toutes;Le logiciel Orbitvu Station qui pilote ces studios est régulièrement enrichi de nouvelles fonctionnalités sans surcoût;aucune;« sans surcoût » : conditions de mise à jour à vérifier auprès d'Orbitvu.;EN « at no additional cost » identique.
67e168ab52289ca859bb7f48;est-il-utile-dinternaliser-sa-production-de-photos-packshot;toutes;La maîtrise complète des fonctionnalités avancées (masquage automatique, exports personnalisés, etc.) s'acquiert généralement en 2 à 4 semaines d'utilisation régulière.;aucune;Durée non sourcée.;EN identique.
67e168ab52289ca859bb7f48;est-il-utile-dinternaliser-sa-production-de-photos-packshot;toutes;Une personne sans compétence préalable en photographie peut tout à fait gérer la production.;aucune;Promesse forte (« tout à fait »).;EN « can handle the production entirely » : légèrement renforcé (« entirely »).
67e168ab52289ca859bb7f48;est-il-utile-dinternaliser-sa-production-de-photos-packshot;toutes;Pour un studio de gamme moyenne, le TCO sur 5 ans reste nettement inférieur au coût d'externalisation sur la même période;aucune;Comparaison non chiffrée (les montants de l'import ont été retirés).;EN identique.
67e168ab52289ca859bb7f48;est-il-utile-dinternaliser-sa-production-de-photos-packshot;en;our training courses (Essential Training remote, Master Training on site, in French) let you go further;aucune;« in French » n'existe pas dans le FR (« Master Training en présentiel ») : information ajoutée à l'EN, à valider auprès de l'Academy.;FR : « nos formations (Essential Training à distance, Master Training en présentiel) ».
67e168ab52289ca859bb7f48;est-il-utile-dinternaliser-sa-production-de-photos-packshot;toutes;Les studios Orbitvu sont conçus avec un encombrement minimum pour une intégration facile , même dans des espaces restreints.;aucune;Affirmation générale, variable selon les modèles (Alphastudio XXL, Bike Studio).;EN identique.
67d016759a2f61343affbd75;8-defis-prodution-contenu-visuel;toutes;31% des spécialistes du marketing déclarent que l'absence de flux de travail structurés est un obstacle majeur à l'augmentation de la production de contenu.;aucune;Statistique sans source ni date.;EN « 31% marketers say » identique.
67d016759a2f61343affbd75;8-defis-prodution-contenu-visuel;toutes;En raison de l'inefficacité, les entreprises perdent en moyenne 20 à 30% de leur chiffre d'affaires chaque année.;aucune;Chiffre extrême non sourcé.;EN identique (« turnover »).
67d016759a2f61343affbd75;8-defis-prodution-contenu-visuel;toutes;Une marque internationale de vêtements a réduit de 40% le délai d'exécution de son contenu après avoir mis en œuvre ShotFlow. En centralisant son flux de travail, elle a éliminé 80% des courriers électroniques;aucune;Étude de cas anonyme attribuée à un logiciel tiers, non sourcée.;EN « has reduced 40% the turnaround time », « eliminated 80% emails » : même portée, syntaxe altérée.
67d016759a2f61343affbd75;8-defis-prodution-contenu-visuel;toutes;Des études montrent que 69% des spécialistes du marketing reconnaissent que l'automatisation de la production de contenu les a aidés à répondre plus efficacement aux demandes spécifiques à chaque plateforme.;aucune;« Des études » sans référence , même section : « 40% des équipes de production », « Plus de 30% des spécialistes du marketing ».;EN identique.
67d016759a2f61343affbd75;8-defis-prodution-contenu-visuel;toutes;En utilisant des outils d'automatisation, un détaillant mondial de produits électroniques a réduit le temps de production des visuels de 50% .;aucune;Étude de cas anonyme.;EN « reduced the time needed to produce visuals for 50% » : sens altéré.
67d016759a2f61343affbd75;8-defis-prodution-contenu-visuel;toutes;Les entreprises perdent en moyenne 10 000 dollars par semaine en raison de l'inefficacité des studios dans les opérations à grande échelle.;aucune;Chiffre non sourcé, en dollars sur le site français , même section : « 25% de temps d'arrêt en plus », « 40% des équipes de production ».;EN identique.
67d016759a2f61343affbd75;8-defis-prodution-contenu-visuel;toutes;Par exemple, un détaillant de mode international a mis en place un système de planification centralisé et a réduit les temps d'arrêt de 30% .;aucune;Étude de cas anonyme.;EN « reduced the downtime of 30% » : syntaxe altérée.
67d016759a2f61343affbd75;8-defis-prodution-contenu-visuel;toutes;70% des consommateurs affirment que la cohérence des visuels a un impact significatif sur leurs décisions d'achat.;aucune;Statistique non sourcée , même section : « +23% » de chiffre d'affaires, « 50% des spécialistes du marketing ».;EN identique.
67d016759a2f61343affbd75;8-defis-prodution-contenu-visuel;toutes;la marque a constaté une amélioration de 30% du taux de satisfaction des clients en l'espace de six mois.;aucune;Étude de cas anonyme.;EN « an improvement in 30% of the customer satisfaction rate » : chiffre déformé.
67d016759a2f61343affbd75;8-defis-prodution-contenu-visuel;toutes;Les systèmes automatisés peuvent réduire le temps consacré aux tâches manuelles jusqu'à 50% , ce qui améliore considérablement les délais d'exécution.;aucune;Statistique non sourcée , même section : « 40% des équipes », « 30% des entreprises de e-commerce ».;EN identique (« by up to 50% »).
67d016759a2f61343affbd75;8-defis-prodution-contenu-visuel;toutes;Les systèmes de métadonnées centralisés peuvent réduire les temps de recherche jusqu'à 80% , ce qui permet d'économiser un nombre incalculable d'heures.;aucune;Statistique non sourcée , même section : « 50% des équipes ».;EN identique.
67d016759a2f61343affbd75;8-defis-prodution-contenu-visuel;toutes;Les équipes utilisant des tableaux de bord partagés constatent une augmentation de 30% de leur efficacité.;aucune;Statistique non sourcée , même section : « 45% des équipes créatives ».;EN « an increase of 30% of their effectiveness ».
67d016759a2f61343affbd75;8-defis-prodution-contenu-visuel;toutes;Les entreprises qui intègrent leurs systèmes constatent une réduction de 25% des délais de production et une augmentation de l'efficacité globale.;aucune;Statistique non sourcée , même section : « 31% des équipes », « 40% des responsables marketing ».;EN « a reduction in 25% production deadlines » : déformé.
67d016759a2f61343affbd75;8-defis-prodution-contenu-visuel;toutes;Les entreprises qui adoptent ces technologies en premier réduisent leurs délais de mise sur le marché de 60% en moyenne.;aucune;Chiffre de FAQ non sourcé , « Photographie paramétrique permettant de générer des variations infinies » : terme non défini et promesse « infinies ».;EN identique.
67d016759a2f61343affbd75;8-defis-prodution-contenu-visuel;toutes;Les équipes qui intègrent ces capacités d'IA réduisent leur temps de post-production de 40% tout en améliorant la cohérence.;aucune;Chiffre de FAQ non sourcé , mêmes réserves pour « La règle du 70/30 » et « un équilibre de 80/20 ».;EN identique.
67d016759a2f61343affbd75;8-defis-prodution-contenu-visuel;toutes;Les entreprises qui mettent en œuvre des systèmes centralisés de gestion de contenu visuel constatent généralement un ROI de 150% à 300% au cours de la première année.;aucune;Promesse de ROI chiffrée non sourcée, avec des fourchettes détaillées (40-60 %, 25-35 %, 15-25 %).;EN identique.
67d016759a2f61343affbd75;8-defis-prodution-contenu-visuel;toutes;"(métaphore ""buildings on fire"" inventée lors du sommet ShotFlow)";aucune;Attribution d'origine à un événement non identifié.;EN « invented at the ShotFlow Summit » identique.
67d0561565ef40a9406f1bac;photographier-une-bague-comme-un-professionnel-en-8-etapes;toutes;L'Alphashot Micro Pro v2 permet de traiter jusqu'à 150 bijoux par jour avec des photos à 360° et des vues détaillées.;aucune;Chiffre de productivité non sourcé , le catalogue du site (machines.ts, alphashot-micro-v2) annonce une capacité de 200 produits/jour. Incohérence à arbitrer.;EN identique (« up to 150 jewels per day »).
67d0561565ef40a9406f1bac;photographier-une-bague-comme-un-professionnel-en-8-etapes;toutes;la réduction significative du temps de traitement (jusqu'à 150 produits par jour), et l'élimination des coûts de sous-traitance photo;aucune;Débit présenté comme une « réduction du temps » , promesse d'« élimination » des coûts de sous-traitance.;EN identique.
67d0561565ef40a9406f1bac;photographier-une-bague-comme-un-professionnel-en-8-etapes;toutes;offre aujourd'hui une technologie innovante et unique pour maintenir et photographier une bague avec une facilité déconcertante;aucune;Superlatif « unique » contredit par l'étape 3 (pas de système intégré de maintien vertical).;EN identique (« innovative and unique technology »).
67d0561565ef40a9406f1bac;photographier-une-bague-comme-un-professionnel-en-8-etapes;toutes;vous permettra de sublimer chaque détail de vos créations avec une précision inégalée;aucune;Superlatif non démontré.;
67d0561565ef40a9406f1bac;photographier-une-bague-comme-un-professionnel-en-8-etapes;toutes;Comme le confirment nos utilisateurs, l'objectif 100mm macro donne d'excellents résultats avec ce système;aucune;Témoignage invoqué sans source.;
67d0561565ef40a9406f1bac;photographier-une-bague-comme-un-professionnel-en-8-etapes;toutes;La fonction exclusive Brilliance Light;aucune;« exclusive » , de même « système exclusif d'éclairage cylindrique » (corps et FAQ).;
67d0561565ef40a9406f1bac;photographier-une-bague-comme-un-professionnel-en-8-etapes;toutes;Combinée à une ouverture optimale (f/16-f/22), cette technologie garantit une netteté irréprochable sur toutes les facettes du bijou;aucune;« garantit » , recommandation technique (f/16-f/22 combinée au focus stacking) à faire valider par un photographe : en macro, ces ouvertures sont sujettes à la diffraction, et le focus stacking sert précisément à s'en dispenser.;
67d0561565ef40a9406f1bac;photographier-une-bague-comme-un-professionnel-en-8-etapes;toutes;Le logiciel propose des préréglages spécifiques pour différents matériaux (or, diamant, saphir, émeraude, perle, rubis), optimisant automatiquement l'éclairage pour chaque type de bijou.;aucune;Fonctionnalité produit précise à vérifier auprès d'Orbitvu.;EN ajoute un doublon « diamond, diamond ».
67d0561565ef40a9406f1bac;photographier-une-bague-comme-un-professionnel-en-8-etapes;toutes;Le studio intègre des paramètres préconfigurés conformes aux exigences des principales plateformes e-commerce.;aucune;Fonctionnalité produit à vérifier.;
67d0561565ef40a9406f1bac;photographier-une-bague-comme-un-professionnel-en-8-etapes;toutes;Cela attire l'attention des clients et augmente vos ventes.;aucune;Promesse commerciale non sourcée.;
67d0561565ef40a9406f1bac;photographier-une-bague-comme-un-professionnel-en-8-etapes;toutes;Le nouveau design de l'Alphashot Micro V2 est équipé d'un port USB Type-C qui le rend compatible avec les dernières technologies d'appareils photo sans miroir et permet un transfert de données ultra-rapide vers l'ordinateur.;aucune;Spécification et « nouveau design » datés : à confirmer avec la fiche produit actuelle.;
67d9859a9ee10799cad9df5b;avantages-toplight-photographie-produits;toutes;Sa direction, sa diffusion, son intensité et sa qualité ont un impact bien plus important que l'appareil photo ou l'objectif utilisé.;/fr/blog/eclairage-photos-produits (article interne);Affirmation générale présentée comme un fait.;EN inintelligible sur ce passage.
67d9859a9ee10799cad9df5b;avantages-toplight-photographie-produits;toutes;offrent une flexibilité d’éclairage inégalée;aucune;Superlatif.;EN : « a lighting flexibility unequalled »
67d9859a9ee10799cad9df5b;avantages-toplight-photographie-produits;toutes;Contrairement aux caissons fermés comme ceux de Scancube ou Ortery, les systèmes Orbitvu sont pensés pour s’adapter aux besoins spécifiques de chaque produit.;liens vers scancube.com/mini-studio-photo et ortery.com (fiche 3D Photobench 280);Publicité comparative nominative : vérifier que les produits liés sont bien des caissons fermés et que la comparaison est objective et vérifiable. Reprise dans la FAQ (« plus performant que les systèmes fermés comme Ortery ou Scancube »).;
67d9859a9ee10799cad9df5b;avantages-toplight-photographie-produits;toutes;la température de couleur équilibrée à 5700°K et un indice de rendu des couleurs supérieur à 95 garantissent des visuels précis;aucune;Caractéristiques techniques à vérifier sur la fiche Orbitvu , « garantissent ».;EN : « 5700°K » et « greater than 95 », identiques.
67d9859a9ee10799cad9df5b;avantages-toplight-photographie-produits;toutes;Cela garantit une exposition parfaite et réduit considérablement le temps de post-production.;aucune;Garantie absolue.;EN : « This ensures a perfect exposure »
67d9859a9ee10799cad9df5b;avantages-toplight-photographie-produits;toutes;il est plus simple que jamais d’optimiser la production visuelle des produits;aucune;Hyperbole.;
67d9859a9ee10799cad9df5b;avantages-toplight-photographie-produits;toutes;des studios photo automatisés offrant une flexibilité incomparable;aucune;Superlatif.;EN : « a incomparable flexibility »
685ab5b7a6edbccf485aeb63;ia-lumieres-virtuelles-revolution-packshot;toutes;ce processus prend en moyenne 30 à 45 minutes;aucune;Moyenne de marché non sourcée.;EN ajoute « per setup », sans changer le sens.
685ab5b7a6edbccf485aeb63;ia-lumieres-virtuelles-revolution-packshot;toutes;rallongeant chaque image de 15 à 30 minutes de retouches;aucune;Chiffre non sourcé, incohérent avec « 15-20 minutes » de temps total par produit.;
685ab5b7a6edbccf485aeb63;ia-lumieres-virtuelles-revolution-packshot;toutes;on passe de 15-20 minutes (méthode classique) à moins de 30 secondes par visuel, post-production incluse;aucune;Gain non sourcé , incohérent avec les autres temps de l'article.;
685ab5b7a6edbccf485aeb63;ia-lumieres-virtuelles-revolution-packshot;toutes;Le temps de setup éclairage est réduit de 90 %, la post-production disparaît dans 80 % des cas.;aucune;Pourcentages non sourcés , « de 30-45 minutes à 10 secondes » dans les spécifications correspond à plus de 99 %, pas 90 %.;
685ab5b7a6edbccf485aeb63;ia-lumieres-virtuelles-revolution-packshot;toutes;Le volume journalier de visuels traités peut être multiplié par dix;aucune;Multiplicateur non sourcé.;
685ab5b7a6edbccf485aeb63;ia-lumieres-virtuelles-revolution-packshot;toutes;Les studios de taille critique rentabilisent l’investissement en moins de six mois, avec un calcul de retour basé sur des données réelles et vérifiables.;aucune;Promesse de ROI , les « données réelles et vérifiables » ne sont pas fournies. Le catalogue du site (FAQ alphashot-pro-g2) dit « ROI généralement atteint dès la première année ».;
685ab5b7a6edbccf485aeb63;ia-lumieres-virtuelles-revolution-packshot;toutes;L’écart-type entre les images d’une même série est nul.;aucune;Affirmation absolue, physiquement improbable.;
685ab5b7a6edbccf485aeb63;ia-lumieres-virtuelles-revolution-packshot;toutes;L’outil IQ Mask assure un détourage immédiat et parfait, même sur les produits les plus difficiles, sans la moindre ombre portée.;aucune;« parfait », « les plus difficiles » : promesse absolue.;
685ab5b7a6edbccf485aeb63;ia-lumieres-virtuelles-revolution-packshot;toutes;issus d’une base de milliers de configurations validées en conditions réelles;aucune;Volume de la base non sourcé.;
685ab5b7a6edbccf485aeb63;ia-lumieres-virtuelles-revolution-packshot;toutes;La prise en main par un nouvel opérateur ne prend plus que deux heures;aucune;Durée non sourcée (le catalogue propose une formation Essential de 4 h).;
685ab5b7a6edbccf485aeb63;ia-lumieres-virtuelles-revolution-packshot;toutes;Des certifications sectorielles (“Virtual Light Ready”);aucune;Existence de cette certification non établie : présentée comme structurant le marché à venir.;
685ab5b7a6edbccf485aeb63;ia-lumieres-virtuelles-revolution-packshot;toutes;L’Alphashot Pro G2 intègre 74 LED virtuelles à contrôle granulaire (0 à 100 % par pas de 1 %), une température de couleur réglable de 3200 à 6500 Kelvin, un IRC supérieur à 95;aucune;Spécifications à confronter à la fiche Orbitvu (74 sources : concordant avec le catalogue , le reste non vérifiable dans le dépôt).;
685ab5b7a6edbccf485aeb63;ia-lumieres-virtuelles-revolution-packshot;toutes;des produits de 50 × 50 × 50 cm maximum;aucune;Contredit par le catalogue du site (35 × 35 × 40 cm).;EN « products from 50 x 50 x 50 cm maximum » (même chiffre).
685ab5b7a6edbccf485aeb63;ia-lumieres-virtuelles-revolution-packshot;toutes;un détourage IA atteignant 99,5 % de précision;aucune;Taux de précision non sourcé.;
685ab5b7a6edbccf485aeb63;ia-lumieres-virtuelles-revolution-packshot;en;Difficult materials are now fully controllable.;aucune;Renforcement de traduction.;FR « Les matériaux difficiles sont enfin maîtrisables » : « fully » ajouté en EN.
685ab5b7a6edbccf485aeb63;ia-lumieres-virtuelles-revolution-packshot;en;makes it possible to control reflections precisely and eliminate overexposure;aucune;Renforcement de traduction.;FR « permet d’ajuster les reflets sans risque de surexposition » : EN promet d'« éliminer » la surexposition.
67e13c063cd0299737798aa4;comment-automatiser-la-creation-de-vos-photographies-animations-de-produits;toutes;93 % des consommateurs sont plus enclins à acheter un produit lorsqu'il est présenté avec des images de haute qualité;https://www.goaland.com/fr/blog/e-commerce/photos-et-pages-produits/ (blog d'agence, source secondaire);Statistique de seconde main, à remonter à l'étude d'origine.;aucun
67e13c063cd0299737798aa4;comment-automatiser-la-creation-de-vos-photographies-animations-de-produits;toutes;une amélioration des visuels peut augmenter les conversions de 35 à 60 %;https://www.cbnews.fr/creation/image-impact-tendances-photo-produit-19058/;Fourchette élevée, à vérifier dans la source.;aucun (EN « Increase the conversions of 35 to 60% »)
67e13c063cd0299737798aa4;comment-automatiser-la-creation-de-vos-photographies-animations-de-produits;toutes;4 clients sur 10 retournent un produit s'il ne correspond pas à sa présentation visuelle;aucune;Statistique non sourcée.;aucun
67e13c063cd0299737798aa4;comment-automatiser-la-creation-de-vos-photographies-animations-de-produits;toutes;Temps de shooting divisé par 3 à 5;https://www.canon.fr/pro/stories/ecommerce-success-high-quality-images/ (ancre « Les retours clients sont clairs : »);Présenté comme des « retours clients », mais le lien mène à une page Canon : l'attribution de ces chiffres à des clients Orbitvu ou PackshotCreator est à établir. Vaut aussi pour « Réduction de 80 % du besoin de retouches ».;aucun
67e13c063cd0299737798aa4;comment-automatiser-la-creation-de-vos-photographies-animations-de-produits;toutes;Réduction de 80 % du besoin de retouches;lien Canon (voir ci-dessus);Chiffre non rattaché à une étude identifiable.;aucun
67e13c063cd0299737798aa4;comment-automatiser-la-creation-de-vos-photographies-animations-de-produits;toutes;Le résultat est un rendu professionnel sans retouche manuelle;aucune;Promesse absolue sur IQ Mask (détourage avec ombres naturelles, sans retouche).;aucun
67e13c063cd0299737798aa4;comment-automatiser-la-creation-de-vos-photographies-animations-de-produits;toutes;garantissant une qualité d'image exceptionnelle et une production rapide;aucune;Superlatif et garantie , « en garantissant une qualité constante sur tous les visuels produits » (Multi-Camera Rig) relève du même registre.;aucun
67e13c063cd0299737798aa4;comment-automatiser-la-creation-de-vos-photographies-animations-de-produits;toutes;permet d'utiliser jusqu'à cinq appareils photo montés sur un bras spécial;lien interne /fr/studio-photo/alphashot-xl-pro-v2;Spécification de l'Alphashot XL Pro v2 avec Multi-Camera Rig à confirmer sur la fiche officielle.;aucun
67e13c063cd0299737798aa4;comment-automatiser-la-creation-de-vos-photographies-animations-de-produits;toutes;« Nous développons et équipons depuis plus de vingt ans des acteurs du e-commerce avec nos solutions photo automatisées.;aucune;Citation en première personne dont l'auteur a été effacé , « Nous développons » est à concilier avec le statut actuel de distributeur Orbitvu , le chiffre « 30 000 produits par an » est illustratif.;aucun
67e13c063cd0299737798aa4;comment-automatiser-la-creation-de-vos-photographies-animations-de-produits;toutes;Avec la mise à jour Orbitvu Station 24.2.2, il est désormais possible d'importer des sessions vides;aucune;Numéro de version daté (« désormais ») à actualiser.;aucun
67e13c063cd0299737798aa4;comment-automatiser-la-creation-de-vos-photographies-animations-de-produits;toutes;l'automatisation garantit que tous les visuels produits respectent les directives de la marque;aucune;Garantie absolue (FAQ).;EN « ensures » : équivalent
67dafb3b89a356da7e85e451;quel-studio-photo-type-pour-vos-shootings-produits-en-interne;toutes;75 % des acheteurs en ligne considèrent la qualité visuelle comme un critère décisif avant d’acheter.;aucune;Statistique sans source.;EN « 75% of online buyers consider visual quality to be a decisive criterion before buying » : identique.
67dafb3b89a356da7e85e451;quel-studio-photo-type-pour-vos-shootings-produits-en-interne;toutes;Des études montrent qu'un visuel professionnel peut augmenter les conversions de près de 60 %.;aucune;« Des études » non citées.;EN « by up to 60% » : « près de » (valeur approchée) devient « jusqu'à » (plafond).
67dafb3b89a356da7e85e451;quel-studio-photo-type-pour-vos-shootings-produits-en-interne;toutes;PackshotCreator est le partenaire officiel d’Orbitvu en France;aucune;Statut commercial à confirmer (ailleurs sur le site : « distributeur des solutions Orbitvu en France »).;EN « the official partner of Orbitvu in France ».
67dafb3b89a356da7e85e451;quel-studio-photo-type-pour-vos-shootings-produits-en-interne;toutes;L’Alphastudio XXL PRO est un studio grand format permettant de photographier des produits jusqu’à 190 centimètres de hauteur avec une lumière homogène et un détourage instantané.;aucune;190 cm cohérent avec components/machine-selector/lib/machines.ts (« 100×70×190 cm ») , « détourage instantané » est une promesse.;EN « up to 190 centimeters in height ».
67dafb3b89a356da7e85e451;quel-studio-photo-type-pour-vos-shootings-produits-en-interne;toutes;Ce dispositif peut accueillir jusqu’à cinq appareils photo , capturant des images sous différents angles (0° – 90° avec des incréments de 5°).;lien vers la fiche ALPHASHOT XL PRO;Spécification technique à confirmer.;EN « up to five cameras … (0° — 90° with 5° increments) ».
67dafb3b89a356da7e85e451;quel-studio-photo-type-pour-vos-shootings-produits-en-interne;toutes;Il s’intègre directement aux plateformes e-commerce et aux systèmes PIM;aucune;Promesse d'intégration générique.;EN « It integrates directly with e-commerce platforms and PIM systems ».
67dafb3b89a356da7e85e451;quel-studio-photo-type-pour-vos-shootings-produits-en-interne;toutes;✅ Rentabilité à long terme : Amortissez rapidement votre investissement en supprimant les coûts récurrents de prestations externes.;aucune;Promesse d'amortissement rapide sans chiffre.;EN « Quickly amortize your investment ».
67dafb3b89a356da7e85e451;quel-studio-photo-type-pour-vos-shootings-produits-en-interne;toutes;Son interface intuitive et ses réglages automatiques permettent un workflow ultra-rapide .;aucune;Superlatif.;EN « lightning-fast workflow ».
67dafb3b89a356da7e85e451;quel-studio-photo-type-pour-vos-shootings-produits-en-interne;toutes;Ces solutions garantissent une qualité optimale et un processus de production accéléré;aucune;Garantie de résultat.;EN « These solutions guarantee optimal quality ».
67dafb3b89a356da7e85e451;quel-studio-photo-type-pour-vos-shootings-produits-en-interne;toutes;ce studio permet de photographier des produits de grande taille avec une qualité irréprochable et un rendu parfaitement homogène.;lien vers la fiche FURNITURE STUDIO;Superlatifs « irréprochable », « parfaitement ».;EN « irreproachable quality and a perfectly homogeneous rendering ».
67dafb3b89a356da7e85e451;quel-studio-photo-type-pour-vos-shootings-produits-en-interne;toutes;Plateau tournant Orbitvu E-COMM : Idéal pour des objets lourds et encombrants, supportant des charges importantes tout en garantissant une stabilité parfaite .;lien vers /fr/studio-photo/e-comm-studio-plus;« stabilité parfaite » , capacité non chiffrée.;EN « guaranteeing perfect stability ».
67dafb3b89a356da7e85e451;quel-studio-photo-type-pour-vos-shootings-produits-en-interne;toutes;réduisant ainsi le taux de retour et renforçant la confiance lors de l’achat en ligne;aucune;Effet sur les retours non chiffré ni sourcé.;EN « reducing the return rate ».
67c1c9a56fbc37f605b6e931;comparatif-de-solutions-de-photographie-automatisee;toutes;en présence d'un huissier pour garantir l'authenticité et l'intégrité des résultats;aucune (pas de constat d'huissier cité ni lié);Garantie d'authenticité invoquée sans pièce consultable.;EN identique (« in the presence of a bailiff »).
67c1c9a56fbc37f605b6e931;comparatif-de-solutions-de-photographie-automatisee;toutes;Orbitvu peut créer jusqu'à 78 contenus visuels par jour , contre 33 pour PackshotCreator/Ortery, ce qui fait plus que doubler la productivité quotidienne (+136%).;aucune;Calcul théorique (« utilisation en studio à 100% du temps de fonctionnement »), mix de visuels non précisé , 78/33 = 2,36, le +136 % est cohérent.;EN identique.
67c1c9a56fbc37f605b6e931;comparatif-de-solutions-de-photographie-automatisee;toutes;Avec Orbitvu, cela équivaut à 19 734 contenus visuels par an , contre 8 457 pour PackshotCreator/Ortery;aucune;19 734 = 78 × 253 jours, mais 33 × 253 = 8 349 ≠ 8 457 (8 457 / 33 = 256,3 jours) : base de jours non homogène ou chiffre quotidien arrondi , à vérifier dans l'étude.;EN identique (19,734 / 8,457).
67c1c9a56fbc37f605b6e931;comparatif-de-solutions-de-photographie-automatisee;fr;Utiliser la solution d'Orbitvu peut permettre d'économiser jusqu'à 50,6 jours de travail par an;aucune;Base de calcul non indiquée.;EN « up to 50.6 working days per year » identique.
67c1c9a56fbc37f605b6e931;comparatif-de-solutions-de-photographie-automatisee;fr;les studios utilisant Orbitvu pourraient réaliser des économies d'environ 12 346,4 € par an par rapport à PackshotCreator/Ortery;aucune;Coût journalier ou horaire utilisé non indiqué , « environ » associé à une précision décimale.;EN « around €12,346.4 » identique.
67c1c9a56fbc37f605b6e931;comparatif-de-solutions-de-photographie-automatisee;toutes;Bénéfice client : Une réduction de 142 secondes par animation;aucune;Chiffre contradictoire avec le test (35 s).;EN identique.
67c1c9a56fbc37f605b6e931;comparatif-de-solutions-de-photographie-automatisee;fr;Réduire le temps de production avec Orbitvu signifie que les clients peuvent générer du contenu visuel de plus grande qualité en moins de temps;aucune;Les tests mesurent des temps, pas la qualité : « de plus grande qualité » n'est pas démontré.;EN « higher quality visual content » identique.
67c1c9a56fbc37f605b6e931;comparatif-de-solutions-de-photographie-automatisee;fr;Le gain de temps est énorme, permettant de réaliser des projets de grande envergure en une fraction du temps habituel – une véritable révolution en termes de productivité.;aucune;Superlatif (« véritable révolution »).;EN « a real revolution in terms of productivity » identique.
67c1c9a56fbc37f605b6e931;comparatif-de-solutions-de-photographie-automatisee;fr;Même pour un gain de temps moindre, les performances constantes d'Orbitvu garantissent que les clients peuvent planifier et optimiser leurs opérations plus efficacement.;aucune;« garantissent » pour un écart mesuré de 3 s (29 contre 26 s).;EN « ensures » identique.
67c1c9a56fbc37f605b6e931;comparatif-de-solutions-de-photographie-automatisee;fr;Il est à l'origine du premier studio photographique « Packshot »;aucune;Revendication d'antériorité (« premier ») à documenter.;EN « the first photographic studio “Packshot” » identique.
67c1c9a56fbc37f605b6e931;comparatif-de-solutions-de-photographie-automatisee;toutes;L'économie de temps substantielle (jusqu'à 133% de productivité supplémentaire) permet un retour sur investissement rapide, même pour des volumes modérés.;aucune;133 % est la hausse de capacité annuelle du corps, présentée ici comme « économie de temps » et assortie d'un « jusqu'à » absent du corps , ROI « rapide » non chiffré.;EN « (up to 133% in additional productivity) » identique.
67c1c9a56fbc37f605b6e931;comparatif-de-solutions-de-photographie-automatisee;toutes;l'Alphashot XL PRO V2 d'Orbitvu offre une meilleure gestion des objets réfléchissants et transparents grâce à ses algorithmes avancés de traitement d'image;aucune;Affirmation de la FAQ hors du périmètre des tests décrits.;EN identique.
67c1c9a56fbc37f605b6e931;comparatif-de-solutions-de-photographie-automatisee;toutes;Orbitvu est un leader dans le domaine des solutions de photographie de produits automatisées.;aucune;Superlatif , les chiffres qui suivent (« Plus de 10 ans d'innovation », « plus de 30 personnes », « 180 salariés ») sont datés et non sourcés.;EN identique.
67c1c9a56fbc37f605b6e931;comparatif-de-solutions-de-photographie-automatisee;toutes;Non, Ortery n'est plus présent en France depuis 2023.;aucune;Fait daté sur un concurrent, à valider.;EN identique.
67d84f7f4e2f0e4003f741fb;taux-de-conversion-boostez-le-grace-aux-visuels-en-6-pratiques;toutes;Selon une étude de Shotfarm, un e-commerçant peut augmenter son taux de conversion de 35% en proposant des images interactives comme les vues à 360°.;aucune (étude citée sans lien);Statistique attribuée sans référence vérifiable.;EN : même chiffre, phrase cassée.
67d84f7f4e2f0e4003f741fb;taux-de-conversion-boostez-le-grace-aux-visuels-en-6-pratiques;toutes;73% des consommateurs affirment être plus enclins à acheter après avoir regardé une vidéo explicative.;aucune;Statistique non sourcée.;
67d84f7f4e2f0e4003f741fb;taux-de-conversion-boostez-le-grace-aux-visuels-en-6-pratiques;toutes;Orbitvu propose un zoom jusqu'à x20 sur les animations , permettant d'examiner les moindres détails.;aucune;Caractéristique produit chiffrée à confirmer sur la documentation Orbitvu.;« jusqu'à » conservé (EN « up to x20 »).
67d84f7f4e2f0e4003f741fb;taux-de-conversion-boostez-le-grace-aux-visuels-en-6-pratiques;toutes;Les taux de conversion peuvent être jusqu'à 4 fois supérieurs avec l'AR.;aucune;Statistique non sourcée.;« jusqu'à » conservé (EN « up to 4 times higher »).
67d84f7f4e2f0e4003f741fb;taux-de-conversion-boostez-le-grace-aux-visuels-en-6-pratiques;toutes;61% des consommateurs préfèrent acheter sur des sites proposant cette technologie.;aucune;Statistique non sourcée.;
67d84f7f4e2f0e4003f741fb;taux-de-conversion-boostez-le-grace-aux-visuels-en-6-pratiques;toutes;L'AR réduit les retours produits de 35% en moyenne , améliorant ainsi la satisfaction client.;aucune;Statistique non sourcée, présentée comme une moyenne générale.;EN « THE ART reduces product returns » : sens perdu.
67d84f7f4e2f0e4003f741fb;taux-de-conversion-boostez-le-grace-aux-visuels-en-6-pratiques;toutes;Grâce à ces équipements, une entreprise a pu capturer 4 000 photos et 70 vidéos en seulement deux jours .;aucune;Cas client anonyme, invérifiable.;
67d84f7f4e2f0e4003f741fb;taux-de-conversion-boostez-le-grace-aux-visuels-en-6-pratiques;toutes;Grâce à l'automatisation, un shooting produit qui nécessitait plusieurs heures peut être réalisé en quelques minutes;aucune;Promesse de gain de temps (FAQ).;
67d84f7f4e2f0e4003f741fb;taux-de-conversion-boostez-le-grace-aux-visuels-en-6-pratiques;toutes;Les fichiers générés par Orbitvu sont directement compatibles avec la plupart des plateformes e-commerce (Shopify, WooCommerce, Magento, Amazon, etc.), facilitant leur intégration et mise en ligne.;aucune;Compatibilité à confirmer (formats, connecteurs).;
67d84f7f4e2f0e4003f741fb;taux-de-conversion-boostez-le-grace-aux-visuels-en-6-pratiques;toutes;L'import en masse des visuels est simplifié grâce aux fichiers CSV, permettant de charger automatiquement des centaines de photos et vidéos sur un site e-commerce sans intervention manuelle.;aucune;Promesses « sans intervention manuelle », « en un seul clic » (FAQ).;
67c8702d0439042229ee6ddc;e-commerce-8-elements-indispensables-pour-reussir;toutes;Une bonne image produit peut améliorer vos ventes jusqu'à 30% selon les études récentes.;aucune;« études récentes » non citées.;EN identique (« according to recent studies »).
67c8702d0439042229ee6ddc;e-commerce-8-elements-indispensables-pour-reussir;toutes;Les sites proposant des vues à 360° et des zooms de qualité peuvent voir leurs taux de conversion augmenter jusqu'à 40%.;aucune;Chiffre non sourcé.;
67c8702d0439042229ee6ddc;e-commerce-8-elements-indispensables-pour-reussir;toutes;réduisent le taux de retour et augmentent significativement les conversions;aucune;Affirmation générale non sourcée.;
67c8702d0439042229ee6ddc;e-commerce-8-elements-indispensables-pour-reussir;toutes;Proposer des photos de produits de haute qualité fait partie du top 5 de ces éléments essentiels.;lien vers l'article Wizishop (2017);Classement attribué à l'infographie Wizishop : vérifier que la source le dit et qu'elle est en ligne.;
67c8702d0439042229ee6ddc;e-commerce-8-elements-indispensables-pour-reussir;toutes;Aujourd'hui, des solutions telles que PackshotCreator existent. Elles vous permettent de valoriser vos produits avec des photos de haute qualité.;lien vers l'article Wizishop (2017);Citation attribuée à « Wizishop » (une entreprise, sans nom de personne) : vérifier le texte exact et l'auteur sur la source.;
67c8702d0439042229ee6ddc;e-commerce-8-elements-indispensables-pour-reussir;toutes;Parfois une simple pièce de 20 m² organisée pour accueillir un shooting produits suffit amplement.;aucune;Surface à confirmer selon la gamme (les grands studios Orbitvu exigent davantage) , reprise en FAQ (« environ 20m² »).;
67c8702d0439042229ee6ddc;e-commerce-8-elements-indispensables-pour-reussir;toutes;Il garantit l'uniformité des visuels, optimise automatiquement l'éclairage et s'installe dans un espace compact.;aucune;« garantit » et « automatiquement » à nuancer selon les modèles.;
67c8702d0439042229ee6ddc;e-commerce-8-elements-indispensables-pour-reussir;toutes;Apprenez à créer un studio photo interne avec Orbitvu pour booster vos ventes.;aucune;Promesse de la description non tenue par le corps.;
67c081d7b4710165deaf01c5;evolution-e-commerce-packshot;toutes;une réduction du temps de production (jusqu'à 70% plus rapide);aucune;Chiffre de productivité non sourcé (FAQ).;EN identique : « (up to 70% faster) »
67c081d7b4710165deaf01c5;evolution-e-commerce-packshot;toutes;Les entreprises qui passent à nos solutions Orbitvu constatent généralement un ROI positif dans les 6 à 12 mois suivant l'acquisition.;aucune;Promesse de ROI chiffrée, non sourcée.;EN identique : « positive ROI within 6 to 12 months »
67c081d7b4710165deaf01c5;evolution-e-commerce-packshot;toutes;grâce à des visuels de meilleure qualité qui augmentent le taux de conversion de 15-20% en moyenne;aucune;Statistique de conversion non sourcée.;EN identique : « by 15-20% on average »
67c081d7b4710165deaf01c5;evolution-e-commerce-packshot;toutes;jusqu'à 15% de réduction grâce à une représentation plus fidèle des articles;aucune;Statistique de baisse des retours non sourcée.;EN identique : « up to 15% reduction »
67c081d7b4710165deaf01c5;evolution-e-commerce-packshot;toutes;Logiciel Orbitvu Station constamment mis à jour avec de nouvelles fonctionnalités sans frais supplémentaires pendant 3 ans;aucune;Engagement commercial (mises à jour gratuites pendant 3 ans) à confirmer auprès d'Orbitvu.;EN identique : « at no additional cost for 3 years »
67c081d7b4710165deaf01c5;evolution-e-commerce-packshot;toutes;Nous nous occupons également de la désinstallation de votre ancien matériel et de l'installation complète de votre nouvelle solution , la formation de votre équipe est proposée en option.;aucune;Engagement de service , la formation est passée de « incluse » à « en option » (commit fc6c9c6b), aligné dans les deux langues.;
67c081d7b4710165deaf01c5;evolution-e-commerce-packshot;toutes;car la plupart des studios professionnels sont éligibles à notre programme de reprise;aucune;Promesse d'éligibilité large.;
67c081d7b4710165deaf01c5;evolution-e-commerce-packshot;toutes;Nous proposons actuellement une offre de reprise concurrentielle;https://www.upgradeyourpackshot.com;Offre datée (article du 18/09/2024) : vérifier qu'elle est toujours active.;
67c081d7b4710165deaf01c5;evolution-e-commerce-packshot;toutes;garantissant des résultats professionnels en un temps record;aucune;Garantie et superlatif.;EN : « guaranteeing professional results in record time »
67c081d7b4710165deaf01c5;evolution-e-commerce-packshot;toutes;offrant aux consommateurs une expérience de visualisation sans précédent;aucune;Superlatif.;EN : « an unprecedented viewing experience »
67c081d7b4710165deaf01c5;evolution-e-commerce-packshot;toutes;Cette avancée technologique offre ainsi une flexibilité et une personnalisation inégalées;aucune;Superlatif.;EN : « unparalleled flexibility »
67c081d7b4710165deaf01c5;evolution-e-commerce-packshot;toutes;vous n'avez même pas besoin d'expérience particulière en photographie : le studio se charge de tout pour vous !;aucune;Promesse d'automatisation totale.;
67c081d7b4710165deaf01c5;evolution-e-commerce-packshot;toutes;Depuis 2020, on peut noter une adoption généralisée des studios photos automatisés;aucune;Affirmation de marché non sourcée.;
67d9997d8424a1a30c00e049;e-commerce-comment-mettre-en-place-votre-studio-photo;toutes;vous n’avez plus besoin d’un photographe dédié. Votre équipe peut produire des visuels professionnels en toute autonomie, sans compétences techniques particulières.;aucune;Promesse absolue, contredite par le rôle « Photographe » décrit plus bas.;
67d9997d8424a1a30c00e049;e-commerce-comment-mettre-en-place-votre-studio-photo;toutes;Fini les pertes de temps liées aux retouches et aux ajustements manuels.;aucune;Promesse absolue.;EN « No more wasting time related to manual retouching and adjustments. » : équivalent.
67d9997d8424a1a30c00e049;e-commerce-comment-mettre-en-place-votre-studio-photo;toutes;Même sans expérience technique, vous pouvez capturer des images parfaites grâce aux préréglages intelligents et à l’IA intégrée aux solutions Orbitvu.;aucune;« images parfaites » et fonctions IA (« Corrections d'éclairage optimisées par l'IA ») à vérifier sur la gamme Orbitvu actuelle.;
67d9997d8424a1a30c00e049;e-commerce-comment-mettre-en-place-votre-studio-photo;toutes;De nombreuses entreprises ayant intégré un studio photo Orbitvu en interne constatent des gains significatifs en rapidité et en efficacité.;aucune;Témoignage collectif non sourcé, sous un intertitre « mesurables » sans chiffre.;
67d9997d8424a1a30c00e049;e-commerce-comment-mettre-en-place-votre-studio-photo;toutes;En général, une formation de quelques heures suffit pour que votre équipe maîtrise le studio et commence à produire des visuels de qualité.;aucune;Durée incohérente avec d'autres pages du site (calendrier Academy « 1 à 3 jours », formations d'une demi-journée à 2 ou 3 jours selon le rapport maître du 26/09/2026) , à aligner.;EN « a few hours of training is enough » : équivalent.
67d9997d8424a1a30c00e049;e-commerce-comment-mettre-en-place-votre-studio-photo;toutes;Non, les solutions Orbitvu sont conçues pour être utilisées sans compétences techniques. Grâce aux réglages préconfigurés et à l’IA intégrée, il est possible de capturer des visuels parfaits en quelques clics.;aucune;Promesse forte (FAQ).;
67d9997d8424a1a30c00e049;e-commerce-comment-mettre-en-place-votre-studio-photo;toutes;💡 Résultat : plus besoin de logiciels complexes;aucune;Promesse absolue.;
67e28a1d1eed7d0635aacdef;focus-sur-lhyperfocus;toutes;C’est en 2013 que Packshot Creator a été le premier acteur mondial à intégrer le focus stacking dans un workflow packshot complet.;aucune;Revendication d'antériorité mondiale non sourcée , repris en conclusion (« En introduisant dès 2013 »).;FR « le premier acteur mondial » (antériorité) , EN « The world's leading player » (position de leader) : claim différent.
67e28a1d1eed7d0635aacdef;focus-sur-lhyperfocus;toutes;Depuis 2023, Packshot Creator distribue exclusivement les solutions Orbitvu .;lien externe https://orbitvu.com/blog/packshotcreator-now-powered-orbitvu/;Formulation d'exclusivité contraire à D6 en FR.;EN corrigé en « is the official distributor of Orbitvu solutions » (74dff0ce), FR non corrigé.
67e28a1d1eed7d0635aacdef;focus-sur-lhyperfocus;toutes;C’est dans ce cadre que la fonctionnalité SuperFocus a vu le jour.;aucune;Laisse entendre que SuperFocus est né du partenariat PackshotCreator/Orbitvu : origine de la fonction à confirmer.;
67e28a1d1eed7d0635aacdef;focus-sur-lhyperfocus;toutes;Le tout en quelques secondes.;aucune;Durée de capture et fusion non chiffrée précisément , dépend du nombre d'images (6 à 20 selon la FAQ).;
67e28a1d1eed7d0635aacdef;focus-sur-lhyperfocus;toutes;Un photographe débutant peut, en moins d’une minute, obtenir un visuel de qualité professionnelle.;aucune;Promesse de délai et de résultat.;
67e28a1d1eed7d0635aacdef;focus-sur-lhyperfocus;toutes;Le focus stacking est la seule solution qui combine netteté maximale et piqué optimal .;aucune;Superlatif absolu , même registre : « Ce que permet le SuperFocus qu’aucune autre technique ne permet ».;
67e28a1d1eed7d0635aacdef;focus-sur-lhyperfocus;toutes;Vous gagnez en crédibilité auprès des acheteurs, ce qui se traduit par plus de conversions et moins de retours .;aucune;Effet commercial affirmé sans donnée.;
67e28a1d1eed7d0635aacdef;focus-sur-lhyperfocus;toutes;En moyenne, un empilement efficace se compose de 6 à 20 prises de vues.;aucune;Donnée technique à valider (FAQ), de même « une ouverture optimale (f/4 à f/8) ».;
67e28a1d1eed7d0635aacdef;focus-sur-lhyperfocus;toutes;avec une précision de fusion bien supérieure et sans étape de retouche supplémentaire;aucune;Comparatif favorable à Photoshop non étayé , « la solution garantit une cohérence visuelle sans nécessiter de retouche » (FAQ 5) contient « garantit ».;
67e28a1d1eed7d0635aacdef;focus-sur-lhyperfocus;toutes;Depuis plus de 20 ans, Packshot Creator accompagne les marques;aucune;Cohérent avec la date de création 2001 retenue (DECISIONS) , à garder aligné.;
67c5cd1406caccfac3022b93;de-la-photographie-2d-aux-modeles-3d-de-vos-produits-introduction-a-la-photogrammetrie;toutes;63% des acheteurs souhaitent examiner un produit sous tous les angles avant de finaliser leur achat (Gartner, 2024);aucune (mention « Gartner, 2024 » sans lien);Statistique attribuée à un tiers sans référence vérifiable.;aucun
67c5cd1406caccfac3022b93;de-la-photographie-2d-aux-modeles-3d-de-vos-produits-introduction-a-la-photogrammetrie;toutes;Vue partielle : seules 40 à 60% du produit sont visibles;aucune;Chiffre non sourcé.;aucun
67c5cd1406caccfac3022b93;de-la-photographie-2d-aux-modeles-3d-de-vos-produits-introduction-a-la-photogrammetrie;toutes;pouvant atteindre 150€ par produit;aucune;Coût non sourcé.;EN « up to €150 per product » : équivalent
67c5cd1406caccfac3022b93;de-la-photographie-2d-aux-modeles-3d-de-vos-produits-introduction-a-la-photogrammetrie;toutes;Illumination à 360° avec 56 LEDs RGBW contrôlables;aucune;Contradiction interne avec « 56 LEDs à spectre complet (CRI 98+) » , CRI annoncé > 95 puis 98+. Spécifications du constructeur à vérifier.;aucun
67c5cd1406caccfac3022b93;de-la-photographie-2d-aux-modeles-3d-de-vos-produits-introduction-a-la-photogrammetrie;toutes;Un équipement professionnel comme l'Alphashot XL Pro V2 permet de capturer entre 144 et 300 images par produit;aucune;Spécifications produit (et « Support pour 5 appareils Canon synchronisés via câble (délai < 1ms) », « précision de positionnement de 0,01° », « Capacité de charge jusqu'à 25kg », « Filtres polarisants intégrés ») à confronter à la fiche officielle de l'Alphashot XL Pro v2.;aucun
67c5cd1406caccfac3022b93;de-la-photographie-2d-aux-modeles-3d-de-vos-produits-introduction-a-la-photogrammetrie;toutes;Temps de capture complet : 73 secondes pour 144 angles;aucune;Intertitre « Performances mesurées » sans protocole ni source , « Débit journalier : jusqu'à 300 produits » contredit la FAQ (« jusqu’à 150 images prêtes à l’emploi quotidiennement »).;aucun
67c5cd1406caccfac3022b93;de-la-photographie-2d-aux-modeles-3d-de-vos-produits-introduction-a-la-photogrammetrie;toutes;120+ profils prédéfinis par catégorie de produit;aucune;Contredit la FAQ (« 15 profils d’éclairage prédéfinis modifiables »).;aucun
67c5cd1406caccfac3022b93;de-la-photographie-2d-aux-modeles-3d-de-vos-produits-introduction-a-la-photogrammetrie;toutes;Détourage automatique via IQ-Mask (précision de contour < 2px);https://orbitvu.com/blog/how-remove-background-product-image/;La précision chiffrée n'est probablement pas dans la page liée, à vérifier.;EN « iQ-mask » : graphie différente
67c5cd1406caccfac3022b93;de-la-photographie-2d-aux-modeles-3d-de-vos-produits-introduction-a-la-photogrammetrie;toutes;Le traitement GPU accélère la reconstruction 3D de 40-60% par rapport aux configurations CPU-only, réduisant le temps de génération complet d'un modèle de 45 à 18 minutes.;aucune;Chiffres non sourcés , passer de 45 à 18 min, c'est 60 % de temps en moins, pas une accélération de 40 à 60 %.;aucun
67c5cd1406caccfac3022b93;de-la-photographie-2d-aux-modeles-3d-de-vos-produits-introduction-a-la-photogrammetrie;toutes;TCO sur 3 ans : 140 000 à 170 000 €;« Source : Benchmark Orbitvu Labs, 2024 et analyses indépendantes » (sans lien);Tableau comparatif chiffré (25 000 € contre 80 000 €, maintenance de 20 000 à 30 000 €/an, vitesse de 2 contre 8 min, « Précision couleur : 98% sRGB » contre 85 %) issu d'une source invérifiable. La métrique « % sRGB » n'est pas une mesure de précision des couleurs. Le « Point fort : tous types de matériaux » attribué au scanner laser est à vérifier techniquement (surfaces réfléchissantes ou transparentes).;aucun
67c5cd1406caccfac3022b93;de-la-photographie-2d-aux-modeles-3d-de-vos-produits-introduction-a-la-photogrammetrie;toutes;Compression de géométrie : Draco pour réduire la taille du modèle de 90%;aucune;Gain présenté comme systématique.;aucun
67c5cd1406caccfac3022b93;de-la-photographie-2d-aux-modeles-3d-de-vos-produits-introduction-a-la-photogrammetrie;toutes;Solution : Combinaison de polariseurs circulaires et d'éclairage diffus, réduisant les hotspots de 90%;aucune;Chiffre non sourcé.;aucun
67c5cd1406caccfac3022b93;de-la-photographie-2d-aux-modeles-3d-de-vos-produits-introduction-a-la-photogrammetrie;toutes;Réduction des coûts de production : -78% par rapport aux shootings traditionnels;aucune;Bloc « ROI : données réalistes » entièrement non sourcé (-78 %, +15-25 % de conversion, -12 % de retours, 3 semaines → 2 jours, amortissement en 12-18 mois).;aucun
67c5cd1406caccfac3022b93;de-la-photographie-2d-aux-modeles-3d-de-vos-produits-introduction-a-la-photogrammetrie;toutes;Impact sur les ventes : +15-25% de taux de conversion (selon secteur d'activité);aucune;Contredit la FAQ (« Une augmentation de 35 % du taux de conversion sur les fiches produits enrichies »).;aucun
67c5cd1406caccfac3022b93;de-la-photographie-2d-aux-modeles-3d-de-vos-produits-introduction-a-la-photogrammetrie;toutes;même des startups innovantes comme Omi utilisent directement des solutions;https://omi.so/ + vidéo YouTube intégrée;Référence client non confirmée par écrit , conclusion surinterprétée (« Une validation importante de notre expertise technique »).;aucun
67c5cd1406caccfac3022b93;de-la-photographie-2d-aux-modeles-3d-de-vos-produits-introduction-a-la-photogrammetrie;toutes;Performance de rendu : 60 FPS sur smartphone moyen (iPhone 12+, Samsung S20+);aucune;Performances (60 FPS, « < 3 secondes sur connexion 4G ») non mesurées dans le texte.;aucun
67c5cd1406caccfac3022b93;de-la-photographie-2d-aux-modeles-3d-de-vos-produits-introduction-a-la-photogrammetrie;toutes;l’automatisation des séquences 360° et des packshots standardisés élimine 70 % des étapes intermédiaires;aucune;FAQ : série de chiffres non sourcés (70 %, -40 % de time-to-market, jusqu'à 300 % de visuels en plus, -60 % de coûts de retouche, 78 % des utilisateurs plus créatifs, -50 % de coûts 3D, +35 % de conversion, catalogue mis à jour 3 fois plus vite).;aucun
67c5cd1406caccfac3022b93;de-la-photographie-2d-aux-modeles-3d-de-vos-produits-introduction-a-la-photogrammetrie;toutes;La fonction de mémoires de paramètres révolutionne particulièrement la productivité;aucune;Superlatif , la description promet de même que les solutions « révolutionnent la photogrammétrie ».;aucun
67c5cd1406caccfac3022b93;de-la-photographie-2d-aux-modeles-3d-de-vos-produits-introduction-a-la-photogrammetrie;toutes;Un éclairage polarisé réglable à 0,1 % près pour contrôler les brillances;aucune;Fonctionnalités prêtées au module « IQ Mask & Natural Shadow » (suppression des reflets par IA, éclairage polarisé) à confirmer par le constructeur.;aucun
67c5cd1406caccfac3022b93;de-la-photographie-2d-aux-modeles-3d-de-vos-produits-introduction-a-la-photogrammetrie;toutes;L’exemple du Fashion Studio illustre ces économies;aucune;Nom de produit et fonctionnalités (hauteur, inclinaison, zoom motorisés) à confirmer.;aucun
67e2d531023040bc7e411c80;meubles-decorations-comment-etre-plus-visibles-sur-le-web;toutes;pour des produits allant jusqu’à 4 tonnes;aucune;Écart avec la fiche machine du site (Furniture Studio : poidsMax 500 kg).;aucun (EN « up to 4 tons »)
67e2d531023040bc7e411c80;meubles-decorations-comment-etre-plus-visibles-sur-le-web;toutes;un plateau tournant motorisé de 3 à 5 mètres de diamètre;aucune;Caractéristique technique à vérifier auprès d'Orbitvu.;
67e2d531023040bc7e411c80;meubles-decorations-comment-etre-plus-visibles-sur-le-web;toutes;L’ensemble permet de réaliser une prise de vue complète, multi-angle ou à 360° d’un meuble, en moins de 3 minutes;aucune;Promesse de délai.;
67e2d531023040bc7e411c80;meubles-decorations-comment-etre-plus-visibles-sur-le-web;toutes;Dans 95 % des cas, je ne touche même pas à l’image.;vidéo YouTube eym4WGdUJqw (citation);Chiffre tiré d'un témoignage traduit , fidélité de la traduction à contrôler contre la vidéo.;
67e2d531023040bc7e411c80;meubles-decorations-comment-etre-plus-visibles-sur-le-web;toutes;Plateau tournant haute capacité (jusqu’à 4 tonnes en version XL) pour les plus grands meubles.;aucune;Capacité et compatibilité (« Compatible avec les modules Alphashot XL et Furniture Studio ») à vérifier.;
67e2d531023040bc7e411c80;meubles-decorations-comment-etre-plus-visibles-sur-le-web;toutes;les studios automatisés réduisent le temps de prise de vue et de traitement de plusieurs heures à quelques minutes.;aucune;Promesse de gain de temps non chiffrée précisément.;
67e2d531023040bc7e411c80;meubles-decorations-comment-etre-plus-visibles-sur-le-web;toutes;Homogénéité visuelle : parfaite cohérence des visuels sur tout un catalogue, même avec plusieurs opérateurs.;aucune;Superlatif « parfaite ».;EN « perfect consistency », identique
67e2d531023040bc7e411c80;meubles-decorations-comment-etre-plus-visibles-sur-le-web;toutes;Le secteur du meuble et de la décoration figure parmi les plus actifs du commerce en ligne.;aucune;Affirmation de marché non sourcée.;
67e2d531023040bc7e411c80;meubles-decorations-comment-etre-plus-visibles-sur-le-web;toutes;il est conseillé d'utiliser un objectif polyvalent entre 50 et 75 mm, plutôt que des objectifs macro ou grand-angle. Cela garantit des images proportionnées et fidèles à la réalité.;aucune;Conseil technique (FAQ) avec « garantit ».;
6763e5818a8e9d9d2f72fbb4;comment-ia-revolutionne-production-visuelle;toutes;Selon une recherche menée par Gartner, 70% des entreprises de e-commerce utilisent l'intelligence artificielle en 2023 pour améliorer les processus de production visuelle;aucune;Statistique attribuée à Gartner sans référence , donnée datée de 2023 , formulation très précise, typique d'un chiffre non vérifiable.;
6763e5818a8e9d9d2f72fbb4;comment-ia-revolutionne-production-visuelle;toutes;Un rapport de McKinsey révèle que 60% des marques de commerce électronique utilisent actuellement l'IA pour optimiser leurs flux de travail en production visuelle;aucune;Statistique attribuée à McKinsey sans référence.;
6763e5818a8e9d9d2f72fbb4;comment-ia-revolutionne-production-visuelle;toutes;Les systèmes d'étiquetage automatisé atteignent des taux de précision de 95% , réduisant considérablement les erreurs.;aucune;Chiffre de précision non attribué.;
6763e5818a8e9d9d2f72fbb4;comment-ia-revolutionne-production-visuelle;toutes;Selon une étude de cas d'Adobe, des outils alimentés par l'IA, comme Adobe Sensei , réduisent les temps de traitement des images jusqu'à 40%;https://www.adobe.com/fr/sensei/generative-ai.html (page produit, pas une étude de cas , la version EN pointe aussi vers la page /fr/);L'« étude de cas » n'est pas liée , le « jusqu'à » est conservé dans les deux langues.;Aucun sur le chiffre (EN : « by up to 40% »).
6763e5818a8e9d9d2f72fbb4;comment-ia-revolutionne-production-visuelle;toutes;Selon Amazon Web Services, l'utilisation de l'IA a permis aux équipes de traiter des millions d'images quotidiennement tout en réduisant les erreurs de production et en accélérant considérablement les flux de travail.;https://aws.amazon.com/fr/rekognition/ (page produit , la version EN pointe aussi vers la page /fr/);L'affirmation qu'Amazon a intégré Rekognition à « ses processus de photographie de produits » n'est pas étayée par le lien.;
6763e5818a8e9d9d2f72fbb4;comment-ia-revolutionne-production-visuelle;toutes;boostant les ventes de 25% .;https://www.ikea.com/global/en/newsroom/innovation/ikea-launches-ikea-place-a-new-app-that-allows-people-to-virtually-place-furniture-in-their-home-170912/ (communiqué de lancement, septembre 2017);Chiffre de ventes pour IKEA Place , un communiqué de lancement ne peut pas contenir de résultat de ventes , contradiction avec les 20 % cités plus bas pour la même application.;EN « boosting sales of 25% » : le sens est altéré (« des ventes de 25 % »).
6763e5818a8e9d9d2f72fbb4;comment-ia-revolutionne-production-visuelle;toutes;Selon le rapport 2021 d'IKEA, cette fonctionnalité a accru la confiance des clients dans leurs achats de 35% et contribué à une croissance de 20% des ventes via l'application.;aucune;Rapport cité sans lien , chiffres incohérents avec le 25 % plus haut.;EN agrammaticale (« a growth of 20% sales »), chiffre de 35 % mal rattaché.
6763e5818a8e9d9d2f72fbb4;comment-ia-revolutionne-production-visuelle;toutes;La marque Estée Lauder a mis en place l'automatisation pilotée par l'IA pour ses flux de travail, réduisant les délais de production de 25% et augmentant l'efficacité des campagnes de 15% , selon son rapport annuel 2022.;aucune;Rapport annuel cité sans lien , chiffres précis non vérifiables dans le texte.;EN « for 25% » / « of 15% » : les chiffres deviennent inintelligibles.
6763e5818a8e9d9d2f72fbb4;comment-ia-revolutionne-production-visuelle;toutes;Cette approche a permis à la marque de conserver son statut de leader du secteur.;aucune;Lien de causalité affirmé sans source (Burberry).;
6763e5818a8e9d9d2f72fbb4;comment-ia-revolutionne-production-visuelle;toutes;Des outils comme Adobe Sensei offrent désormais un retour d'information en temps réel pendant les séances photo, en analysant l'éclairage, la composition et la mise au point. Cela garantit que chaque prise est parfaite;aucune;Fonction attribuée à Adobe Sensei à vérifier , promesse absolue (« garantit », « parfaite »).;EN « This ensures that every shot is perfect » : même niveau de promesse.
6763e5818a8e9d9d2f72fbb4;comment-ia-revolutionne-production-visuelle;toutes;Les modèles 3D pilotés par l’IA produisent des représentations numériques hyperréalistes des produits, supprimant le besoin de séances photo traditionnelles.;aucune;Affirmation absolue (FAQ), contraire au positionnement d'un vendeur de studios de prise de vue , arbitrage éditorial.;EN « removing the need for traditional photo shoots » : identique.
6763e5818a8e9d9d2f72fbb4;comment-ia-revolutionne-production-visuelle;toutes;Pour les entreprises prêtes à se transformer, les possibilités sont presque illimitées.;aucune;Superlatif promotionnel.;
67d18851014c67710270d296;comment-shotflow-permet-accelerer-production-contenus-visuels-mode;toutes;40% du temps administratif récupéré au profit des tâches créatives.;aucune (seul lien : page d'accueil https://www.shotflow.com/);Chiffre d'étude de cas attribué à Express, sans source.;
67d18851014c67710270d296;comment-shotflow-permet-accelerer-production-contenus-visuels-mode;toutes;Le temps de validation a été divisé par deux;aucune;Chiffre non sourcé.;
67d18851014c67710270d296;comment-shotflow-permet-accelerer-production-contenus-visuels-mode;toutes;Réduction de 35% des cycles de révision des assets.;aucune;Chiffre non sourcé.;
67d18851014c67710270d296;comment-shotflow-permet-accelerer-production-contenus-visuels-mode;toutes;Moins de réunions et 30% de réduction des retards dans les workflows.;aucune;Chiffre non sourcé.;
67d18851014c67710270d296;comment-shotflow-permet-accelerer-production-contenus-visuels-mode;toutes;Une meilleure catégorisation des assets a permis de diviser par trois le temps de recherche des fichiers.;aucune;Chiffre non sourcé.;EN « reduce file search time by three » : le chiffre est déformé (lecture « moins trois »).
67d18851014c67710270d296;comment-shotflow-permet-accelerer-production-contenus-visuels-mode;toutes;Réduction de 90% des erreurs de métadonnées.;aucune;Chiffre non sourcé, répété dans les résultats (« Diminution des erreurs de métadonnées de 90% »).;
67d18851014c67710270d296;comment-shotflow-permet-accelerer-production-contenus-visuels-mode;toutes;Réduction de 50% du temps de production des contenus;aucune;Chiffre de synthèse non étayé par le détail (seul le temps de validation est « divisé par deux »).;
67d18851014c67710270d296;comment-shotflow-permet-accelerer-production-contenus-visuels-mode;toutes;Cette centralisation a permis à certaines marques internationales de réduire de 70% le temps consacré à l'adaptation des campagnes entre les différents marchés;aucune;Chiffre et fonctionnalités (localisation, droits géolocalisés) présents seulement dans la FAQ.;
67d18851014c67710270d296;comment-shotflow-permet-accelerer-production-contenus-visuels-mode;toutes;ShotFlow est la clé d'une production de contenu plus rapide et plus efficace.;aucune;Formule promotionnelle absolue.;
67d18851014c67710270d296;comment-shotflow-permet-accelerer-production-contenus-visuels-mode;toutes;Chaque produit en ligne était accompagné d'un contenu marketing parfaitement adapté.;aucune;Absolu (« chaque », « parfaitement »).;
67d18851014c67710270d296;comment-shotflow-permet-accelerer-production-contenus-visuels-mode;toutes;Aux États-Unis, les marques de mode font face à de nombreux ralentissements liés aux processus d'approbation;aucune;Généralisation sectorielle non sourcée.;
67b8959c4d678ec508643837;comment-shotflow-permet-optimiser-production-contenu;toutes;Un studio de production visuelle de premier plan faisait face à des inefficacités opérationnelles;aucune;Client anonyme : aucun moyen de vérifier le cas , « de premier plan » invérifiable.;
67b8959c4d678ec508643837;comment-shotflow-permet-optimiser-production-contenu;toutes;Avec plus de 1,8 million d’images produites par an;aucune;Volume non sourcé (repris dans la description et la FAQ).;
67b8959c4d678ec508643837;comment-shotflow-permet-optimiser-production-contenu;toutes;35 % de capacité de production en plus sans coûts supplémentaires.;aucune;Gain chiffré non sourcé.;EN : « 35% more production capacity without additional costs »
67b8959c4d678ec508643837;comment-shotflow-permet-optimiser-production-contenu;toutes;Le processus d’intégration des nouveaux clients était 50 % plus rapide;aucune;Gain chiffré non sourcé.;
67b8959c4d678ec508643837;comment-shotflow-permet-optimiser-production-contenu;toutes;Processus d’approbation deux fois plus rapide qu’avant.;aucune;Gain chiffré non sourcé.;
67b8959c4d678ec508643837;comment-shotflow-permet-optimiser-production-contenu;toutes;L’automatisation de ShotFlow a supprimé le besoin d’embaucher du personnel supplémentaire pour gérer la montée en charge.;aucune;Affirmation sur l'emploi.;
67b8959c4d678ec508643837;comment-shotflow-permet-optimiser-production-contenu;toutes;Respect des standards ISO 16684-1 pour une compatibilité totale avec les DAM et les plateformes e-commerce.;aucune;Conformité normative et « compatibilité totale » à vérifier.;
67b8959c4d678ec508643837;comment-shotflow-permet-optimiser-production-contenu;toutes;Intégration directe dans Adobe Creative Cloud pour un accès instantané aux outils créatifs.;aucune;Intégration produit à vérifier.;
67b8959c4d678ec508643837;comment-shotflow-permet-optimiser-production-contenu;toutes;La distribution finale des images vers les plateformes e-commerce et les clients était instantanée.;aucune;« instantanée » : promesse absolue.;
67b8959c4d678ec508643837;comment-shotflow-permet-optimiser-production-contenu;toutes;Cas client e-commerce prouvé.;aucune;« prouvé » sans source ni client nommé (description).;EN : « Proven e-commerce customer case. »
67b8986bd6b3f4b432156878;comment-shotflow-ameliore-suivi-taches-en-temps-reel;toutes;Les délais d'approbation ont été réduits de 50 %, ce qui accélère toute la production.;aucune;Chiffre phare de l'article, repris dans le metaTitle et la description sous une forme généralisée.;EN fidèle dans le corps , metaTitle/description EN généralisent comme le FR.
67b8986bd6b3f4b432156878;comment-shotflow-ameliore-suivi-taches-en-temps-reel;toutes;40 % du temps de travail économisé grâce à l'automatisation des mises à jour.;aucune;Non sourcé , incohérent avec la FAQ (28 %, 32 %, 35 %).;
67b8986bd6b3f4b432156878;comment-shotflow-ameliore-suivi-taches-en-temps-reel;toutes;65 % de réduction des e-mails liés au suivi de production;aucune;Étude de cas anonyme (« Un grand acteur du retail ») , idem « 50 % de validation plus rapide des prises de vue », « 20 % d'économies », « 98 % des lancements produits livrés dans les délais » , la FAQ annonce ailleurs « 60 % » de baisse de la communication.;
67b8986bd6b3f4b432156878;comment-shotflow-ameliore-suivi-taches-en-temps-reel;toutes;"""ShotFlow a totalement changé notre manière de gérer la production. Suivre nos assets est devenu incroyablement simple et notre équipe est bien plus efficace.""";aucune;Citation attribuée à « Un directeur créatif » anonyme , deuxième citation anonyme en fin de FAQ.;
67b8986bd6b3f4b432156878;comment-shotflow-ameliore-suivi-taches-en-temps-reel;toutes;Selon une étude client 2024, 83% des utilisateurs ont mis en place au moins une intégration avec leurs systèmes existants, réduisant ainsi les transferts manuels de fichiers de 47% en moyenne.;aucune;Étude citée sans référence.;
67b8986bd6b3f4b432156878;comment-shotflow-ameliore-suivi-taches-en-temps-reel;toutes;Compatible avec Adobe Creative Cloud (Photoshop, InDesign, Premiere Pro), les principaux DAM comme Widen et Bynder, ainsi que les CMS comme WordPress et Drupal.;aucune;Liste d'intégrations à confirmer auprès de l'éditeur.;
67b8986bd6b3f4b432156878;comment-shotflow-ameliore-suivi-taches-en-temps-reel;toutes;La méthodologie d'onboarding en 4 phases a été affinée sur plus de 200 déploiements réussis depuis 2019.;aucune;Volume et date non sourcés , idem « 3 à 4 semaines », « 90% des équipes … deux sessions de formation de 2 heures ».;
67b8986bd6b3f4b432156878;comment-shotflow-ameliore-suivi-taches-en-temps-reel;toutes;Selon une enquête de satisfaction 2024 (échantillon de 450 créatifs), les directeurs artistiques et photographes gagnent en moyenne 28% de temps;aucune;Enquête citée sans référence.;
67b8986bd6b3f4b432156878;comment-shotflow-ameliore-suivi-taches-en-temps-reel;toutes;Les équipes photo de Printemps, un client de référence de ShotFlow, ont mesuré une réduction de 32% du temps consacré aux tâches de coordination et de suivi, avec une amélioration de la satisfaction au travail de 4,2/10 à 7,8/10 sur l'échelle de bien-être professionnel.;aucune;Client nommé, chiffres et échelle non identifiés : validation écrite du client indispensable.;EN « Printemps, a ShotFlow customer » : « de référence » omis (légère atténuation).
67b8986bd6b3f4b432156878;comment-shotflow-ameliore-suivi-taches-en-temps-reel;toutes;L'architecture cloud garantit une performance constante jusqu'à 100 000 assets actifs par compte.;aucune;« garantit » , idem « temps de réponse inférieurs à 1,2 seconde même avec 200 utilisateurs simultanés ».;
67b8986bd6b3f4b432156878;comment-shotflow-ameliore-suivi-taches-en-temps-reel;toutes;Un client du secteur mode gère aujourd'hui plus de 25 000 assets par saison et a constaté une réduction mesurée de 18% de ses délais de mise sur le marché, documentée dans une étude de cas disponible sur le site de ShotFlow.;aucune;Étude de cas invoquée sans lien.;
67b8986bd6b3f4b432156878;comment-shotflow-ameliore-suivi-taches-en-temps-reel;toutes;D'après les données anonymisées collectées auprès de plus de 180 clients actifs, on observe une réduction moyenne de 35% du temps consacré au suivi administratif;aucune;Base clients et chiffres non sourcés , idem « 15-22% », « 20-25% », « 60% ».;
67b8986bd6b3f4b432156878;comment-shotflow-ameliore-suivi-taches-en-temps-reel;toutes;Depuis des décennies, de nombreuses entreprises peinent à avoir une vision claire de leurs processus de production.;aucune;Généralité d'accroche, sans enjeu factuel fort.;
67e2bae5b0a34bfdea3702c1;comment-maitriser-le-flou-dans-la-photographie-de-produits;toutes;Le logiciel embarqué pilote le focus stacking , l’ éclairage et l’ alignement de manière parfaitement synchronisée, pour un rendu visuel professionnel, sans retouche.;lien vers la fiche /fr/studio-photo/alphashot-pro-g2;Promesse « sans retouche », « parfaitement synchronisée ».;EN « in a perfectly synchronized manner, for a professional visual rendering, without retouching ».
67e2bae5b0a34bfdea3702c1;comment-maitriser-le-flou-dans-la-photographie-de-produits;toutes;Découvrez les causes du flou en photographie produit et nos solutions professionnelles pour des visuels nets, sans retouche ni IA.;aucune;Promesse « sans retouche ni IA » dans la description.;EN « without retouching or AI ».
67e2bae5b0a34bfdea3702c1;comment-maitriser-le-flou-dans-la-photographie-de-produits;toutes;Les studios Orbitvu éliminent le risque de flou de bougé grâce à une structure rigide, un éclairage constant et surtout un trépied intégré conçu pour maintenir parfaitement l’appareil photo en position. Aucun mouvement manuel n’intervient pendant la prise de vue, ce qui garantit une stabilité totale.;aucune;Absolus « éliminent », « garantit une stabilité totale » , description technique (« trépied intégré ») à confirmer.;EN « eliminate the risk of blur and shake … ensures total stability ».
67e2bae5b0a34bfdea3702c1;comment-maitriser-le-flou-dans-la-photographie-de-produits;toutes;Non, car le plateau tournant Orbitvu est motorisé et parfaitement synchronisé avec le déclenchement photo. Chaque rotation s’arrête précisément avant que l’image ne soit prise.;aucune;Fonctionnement technique et « garantit une netteté parfaite » à valider (mode de prise de vue en rotation).;EN identique (« guarantees perfect sharpness »).
67e2bae5b0a34bfdea3702c1;comment-maitriser-le-flou-dans-la-photographie-de-produits;toutes;Les studios Orbitvu vont plus loin : ils transforment la prise de vue en un processus piloté, cohérent, précis et totalement optimisé pour la productivité visuelle sans compromis sur la netteté.;aucune;Comparatif de supériorité (« supérieurs à un trépied classique »), « totalement optimisé ».;EN « fully optimized … without compromising sharpness ».
67e2bae5b0a34bfdea3702c1;comment-maitriser-le-flou-dans-la-photographie-de-produits;toutes;Les systèmes plus récents, dotés de stabilisation 5 axes , offrent un excellent maintien de l’image, même à main levée et à vitesse lente.;aucune;Généralité technique, acceptable.;EN « The most recent systems » (superlatif « les plus récents » au lieu de « plus récents »).
67e2bae5b0a34bfdea3702c1;comment-maitriser-le-flou-dans-la-photographie-de-produits;toutes;La plupart des objectifs offrent leur meilleur piqué entre f/5.6 et f/8 .;aucune;Règle empirique générale, acceptable , EN détruit le sens (« best shot »).;EN « Most lenses offer their best shot between f/5.6 and f/8 ».
67dd7e0cbd182b5e0eec9fc0;comment-choisir-objectif-en-photographie-packshot;toutes;avec des temps d'acquisition aussi bas que 0,05 secondes pour certains modèles haut de gamme;aucune;Chiffre technique précis, non sourcé, et la prédiction par IA est attribuée à l'objectif.;Aucun : l'EN dit « acquisition times as low as 0.05 seconds ».
67dd7e0cbd182b5e0eec9fc0;comment-choisir-objectif-en-photographie-packshot;toutes;Résultat : une image exploitable immédiatement, sans retouche, dans tous les formats.;aucune;Promesse absolue (« sans retouche », « tous les formats ») dans la FAQ. La question de FAQ promet aussi des visuels « sans retouches ».;Aucun : l'EN dit « an image that can be used immediately, without retouching, in all formats ».
67dd7e0cbd182b5e0eec9fc0;comment-choisir-objectif-en-photographie-packshot;toutes;Elle garantit une netteté continue sur toute la profondeur du produit.;aucune;« Garantit » appliqué à la combinaison macro 100 mm + focus stacking Orbitvu.;Aucun : l'EN dit « It guarantees continuous sharpness ».
67dd7e0cbd182b5e0eec9fc0;comment-choisir-objectif-en-photographie-packshot;toutes;Productivité maximale.;aucune;Superlatif promotionnel dans la FAQ.;Aucun : l'EN dit « Maximum productivity. »
67dd7e0cbd182b5e0eec9fc0;comment-choisir-objectif-en-photographie-packshot;toutes;qui permettent de révéler tout le potentiel de ces optiques dans un workflow 100% maîtrisé;aucune;« 100% maîtrisé », affirmation promotionnelle (à typographier « 100 % » en FR).;Aucun : l'EN dit « in a 100% controlled workflow ».
67dd7e0cbd182b5e0eec9fc0;comment-choisir-objectif-en-photographie-packshot;toutes;nous vous accueillons au Orbitvu Experience Center , près de Lyon;lien vers /fr/contact;Fait à valider : existence, localisation et ouverture actuelle du lieu. Au passage, « au Orbitvu » devrait s'écrire « à l'Orbitvu ».;
67dd7e0cbd182b5e0eec9fc0;comment-choisir-objectif-en-photographie-packshot;toutes;Un bon objectif peut durer une décennie ou plus s’il est bien entretenu.;aucune;Durée de vie avancée sans source (affirmation modérée).;
670e262cabb4626493da23e4;comment-avoir-meilleure-photo-produit-e-commerce;toutes;Les 10 astuces infaillibles pour créer une photo de produit vendeuse !;aucune;Superlatif « infaillibles » (title et H1).;EN : « 10 foolproof tips »
670e262cabb4626493da23e4;comment-avoir-meilleure-photo-produit-e-commerce;toutes;Ce type de studio vous garantit un standard de qualité extrêmement élevé;aucune;Garantie de qualité.;EN : « guarantees you a extremely high quality standard »
670e262cabb4626493da23e4;comment-avoir-meilleure-photo-produit-e-commerce;toutes;vous pouvez produire des photos de produits e-commerce de qualité professionnelle en quelques minutes seulement;aucune;Promesse de délai.;EN : « in just a few minutes »
670e262cabb4626493da23e4;comment-avoir-meilleure-photo-produit-e-commerce;toutes;Le logiciel Orbitvu Station automatise la post-production pour garantir des photos de haute qualité : détourage parfait, couleurs fidèles et netteté optimale.;aucune;Garantie et « détourage parfait ».;EN : « perfect cropping » (terme faux)
670e262cabb4626493da23e4;comment-avoir-meilleure-photo-produit-e-commerce;toutes;Les studios automatisés Orbitvu intègrent des paramètres préconfigurés pour les principales plateformes e-commerce.;aucune;Fonctionnalité produit à vérifier.;
670e262cabb4626493da23e4;comment-avoir-meilleure-photo-produit-e-commerce;toutes;"La fonction ""image fantôme"" garantit un positionnement cohérent pour une présentation professionnelle.";aucune;Garantie.;
670e262cabb4626493da23e4;comment-avoir-meilleure-photo-produit-e-commerce;toutes;Donner ce type d'indications claires à vos clients vous évitera par ailleurs bien des retours et réclamations.;aucune;Promesse de réduction des retours, non chiffrée.;
670e262cabb4626493da23e4;comment-avoir-meilleure-photo-produit-e-commerce;en;for creating the best-selling e-commerce product photo;aucune;Superlatif ajouté en EN.;FR : « créer une meilleure photo produit e-commerce »
67d1ac647fa7de7306d86cee;comment-avoir-des-photos-professionnelles-guide-packshot-produit;toutes;En résumé, avec un studio photo automatisé comme ceux d'Orbitvu, vous économisez du temps et de l'argent sur le long terme;aucune;Promesse d'économies non chiffrée ni sourcée.;
67d1ac647fa7de7306d86cee;comment-avoir-des-photos-professionnelles-guide-packshot-produit;toutes;Par ailleurs, ces machines prennent bien moins de place dans vos locaux qu'un studio photo traditionnel.;aucune;Comparatif d'encombrement général, qui dépend du modèle (le corps cite aussi le Bike Studio).;EN agrammatical (« take well less space ») mais même sens.
67d1ac647fa7de7306d86cee;comment-avoir-des-photos-professionnelles-guide-packshot-produit;toutes;si vous avez un studio photo automatisé en interne, vous pouvez prendre des photos de vos produits à tout moment;aucune;Suivi de « sans avoir à payer de frais supplémentaires » : promesse qui ignore les coûts d'exploitation et de maintenance.;
67d1ac647fa7de7306d86cee;comment-avoir-des-photos-professionnelles-guide-packshot-produit;toutes;il suffit de suivre une courte formation pour savoir se servir du studio;lien /fr/academy (sur les deux versions);Promesse de prise en main, à aligner sur l'offre réelle de formation.;
67d1ac647fa7de7306d86cee;comment-avoir-des-photos-professionnelles-guide-packshot-produit;toutes;Etant donné que le studio fait tout à votre place, le shooting est bien plus rapide et efficace.;aucune;Absolu (« fait tout à votre place »).;
67d1ac647fa7de7306d86cee;comment-avoir-des-photos-professionnelles-guide-packshot-produit;fr;Le studio automatisé Orbitvu offre le meilleur compromis entre qualité et productivité.;aucune;Superlatif propre à la FAQ, en contradiction avec la nuance du corps.;EN identique : « offers the best compromise between quality and productivity ».
67d1ac647fa7de7306d86cee;comment-avoir-des-photos-professionnelles-guide-packshot-produit;fr;garantissant une homogénéité parfaite sur l'ensemble de votre catalogue;aucune;Garantie absolue, ajoutée par la FAQ.;EN identique : « guaranteeing perfect consistency across your entire catalog ».
67d1ac647fa7de7306d86cee;comment-avoir-des-photos-professionnelles-guide-packshot-produit;fr;Le système automatise la capture et la post-production, permettant de traiter plus de produits en moins de temps qu'avec un studio traditionnel.;aucune;Automatisation de la post-production : fonctionnalité à confirmer, absente du corps.;
67d1ac647fa7de7306d86cee;comment-avoir-des-photos-professionnelles-guide-packshot-produit;fr;nous vous recommandons chaudement les studios Orbitvu, à la pointe de la technologie;lien orbitvu.com/software/orbitvu-station/ (paragraphe suivant);Superlatif promotionnel.;
67dd61a400fe7c3ea6a577e1;comment-avoir-meilleures-images-amazon;toutes;près de 75 % des acheteurs prennent leur décision d’achat en se basant uniquement sur les images des produits;https://pixcap.com/fr/blog/image-du-produit-amazon (ancre « eComo » : attribution incohérente);Statistique de seconde main , il faut identifier l'étude d'origine.;aucun (« nearly 75% »)
67dd61a400fe7c3ea6a577e1;comment-avoir-meilleures-images-amazon;toutes;Des visuels de qualité peuvent entraîner jusqu’à 30 % d’augmentation du taux de conversion;https://www.ecomo.fr/services-ecommerce-marketplaces/photos-produits-optimisees-amazon-ecommerce/ (page de services d'une agence);Chiffre tiré d'une page commerciale, pas d'une étude.;aucun (le « jusqu’à » est conservé : « up to 30% »)
67dd61a400fe7c3ea6a577e1;comment-avoir-meilleures-images-amazon;toutes;Amazon est lui-même client d’Orbitvu;aucune;Affirmation forte sur un client nommé, répétée (« Un outil utilisé par des marques internationales… et Amazon lui-même »). Preuve et droit de citer à confirmer.;aucun
67dd61a400fe7c3ea6a577e1;comment-avoir-meilleures-images-amazon;toutes;leader mondial de la photographie automatisée;https://www.orbitvu.com/ (site du fabricant);Superlatif auto-déclaré , « avec une régularité et une rapidité inégalées » non étayé non plus.;aucun
67dd61a400fe7c3ea6a577e1;comment-avoir-meilleures-images-amazon;toutes;Gain de temps de plus de 75 % par rapport à une production classique;aucune (la source « Orbitvu » de la puce précédente concerne le flux automatisé);Chiffre non sourcé.;EN agrammatical (« Saves more time 75% ») mais même chiffre
67dd61a400fe7c3ea6a577e1;comment-avoir-meilleures-images-amazon;toutes;Coût unitaire par image jusqu’à 90 % plus bas qu’en prestataire externe;https://phototrend.fr/2022/04/profoto-rachat-styleshoots-studio-photo-automatise/;[Inférence d'après l'URL] La source traite du rachat de StyleShoots par Profoto (2022), pas des coûts Orbitvu : il faut vérifier qu'elle étaye bien le chiffre.;EN « only as an external service provider » : sens perdu
67dd61a400fe7c3ea6a577e1;comment-avoir-meilleures-images-amazon;toutes;Des centaines d’images par jour produites en interne, sans retouche;aucune;Promesse de productivité et de « sans retouche ».;aucun
67dd61a400fe7c3ea6a577e1;comment-avoir-meilleures-images-amazon;toutes;Détourage automatique avec fond blanc pur garanti;aucune;Garantie absolue , « Résultat parfaitement standardisé, quelle que soit la gamme » relève du même registre.;aucun
67dd61a400fe7c3ea6a577e1;comment-avoir-meilleures-images-amazon;toutes;Orbitvu, avec plus de 4000 m² d’usine en Europe et une équipe R&D solide, développe les technologies les plus avancées pour la photographie produit automatisée;https://orbitvu.com/blog/packshotcreator-now-powered-orbitvu/;Surface d'usine et superlatif « les plus avancées » à vérifier dans la source.;aucun
67dd61a400fe7c3ea6a577e1;comment-avoir-meilleures-images-amazon;toutes;fort de 20 ans d’expérience dans la production visuelle pour le e-commerce;aucune;Ancienneté de PackshotCreator à dater.;aucun
67dd61a400fe7c3ea6a577e1;comment-avoir-meilleures-images-amazon;toutes;Un service de proximité via l’ Orbitvu Experience Center près de Lyon;aucune (le lien de conclusion mène à /fr/contact);Existence et localisation du showroom à confirmer.;aucun
67dd61a400fe7c3ea6a577e1;comment-avoir-meilleures-images-amazon;toutes;Détection automatique des défauts, corrections de contraste, balance des blancs;https://www.marketresearchintellect.com/fr/blog/ai-in-focus-the-evolution-of-automated-product-photography-solutions/;Fonctionnalités IA attribuées aux studios Orbitvu mais sourcées par un blog d'études de marché générique, à confirmer chez le constructeur (de même pour « Génération de fonds adaptés au produit »).;EN « Generation of funds » : contresens
67dd61a400fe7c3ea6a577e1;comment-avoir-meilleures-images-amazon;toutes;Jusqu’à 9 images au total , dont 7 visibles par défaut;aucune;Règles Amazon (9 images, 7 visibles, 85 % à 90 % du cadre, mannequin, formats, 1 000 px) susceptibles d'avoir changé depuis la rédaction : à revérifier dans la documentation Seller Central en vigueur.;aucun
67dd61a400fe7c3ea6a577e1;comment-avoir-meilleures-images-amazon;toutes;C’est aussi la solution la plus simple pour créer des animations 360° ou vidéos, même sans expertise photo.;aucune;Superlatif.;aucun
67d5449d2485fd10feb26276;e-commerce-quel-est-le-reel-impact-des-visuels;toutes;Selon une étude Shopify , 75% des acheteurs considèrent la qualité des images comme primordiale;https://www.shopify.com/fr/blog/statistiques-abandon-de-panier;[Inférence d'après l'URL] La page liée porte sur l'abandon de panier, pas sur la perception des images : vérifier qu'elle contient ce chiffre. La FAQ affirme autre chose avec le même nombre (« 75 % des acheteurs en ligne prennent leur décision en fonction des visuels »).;aucun
67d5449d2485fd10feb26276;e-commerce-quel-est-le-reel-impact-des-visuels;toutes;des visuels de haute qualité peuvent augmenter les conversions de près de 60%;même lien Shopify;Chiffre élevé, rattachement à la source à vérifier.;aucun (« by almost 60% »)
67d5449d2485fd10feb26276;e-commerce-quel-est-le-reel-impact-des-visuels;toutes;90% des consommateurs visionnent toutes les images disponibles sur une fiche produit;https://www.skeelbox.com/etude-abandon-panier/;[Inférence d'après l'URL] Étude sur l'abandon de panier, à vérifier.;aucun
67d5449d2485fd10feb26276;e-commerce-quel-est-le-reel-impact-des-visuels;toutes;8 acheteurs sur 10 abandonnent leur panier faute d'informations suffisantes;https://www.spreadfamily.fr/le-blog/marketing-automation-mail-panier-abandonne-exemple;Chiffre de seconde main issu d'un blog d'agence , placé sous un intertitre consacré aux retours, ce qui est hors sujet.;aucun
67d5449d2485fd10feb26276;e-commerce-quel-est-le-reel-impact-des-visuels;toutes;4 acheteurs sur 10 retournent un produit qui ne correspond pas à sa description visuelle;https://orbitvu.fr/comment-reduire-le-nombre-de-retours-dans-le-commerce-electronique-en-10-etapes-faciles/;Source fabricant.;aucun
67d5449d2485fd10feb26276;e-commerce-quel-est-le-reel-impact-des-visuels;toutes;Par ordre croissant d'efficacité :;aucune;Classement des formats (photo unique < vidéo < multi-angles < 360°/3D) présenté comme une préférence établie des consommateurs, sans source.;aucun
67d5449d2485fd10feb26276;e-commerce-quel-est-le-reel-impact-des-visuels;toutes;Packshot détouré en 5 secondes;aucune;Performances (« Animation 360° en 3 minutes », « Jusqu'à 300 produits photographiés par jour ») non rattachées à un modèle.;aucun
67d5449d2485fd10feb26276;e-commerce-quel-est-le-reel-impact-des-visuels;toutes;Nous avons réduit notre temps de prise de vue de 20 minutes à 3-5 minutes par produit.;https://orbitvu.fr/comment-reduire-le-nombre-de-retours-dans-le-commerce-electronique-en-10-etapes-faciles/;Témoignage nominatif (Susanne Visholm, Wareco) à vérifier dans la source, qui porte a priori sur les retours.;aucun
67d5449d2485fd10feb26276;e-commerce-quel-est-le-reel-impact-des-visuels;toutes;Des visuels complets et interactifs réduisent considérablement les retours et améliorent la fidélisation.;aucune;Affirmation causale non étayée.;EN « dramatically reduce » : légère intensification de « considérablement »
67d5449d2485fd10feb26276;e-commerce-quel-est-le-reel-impact-des-visuels;toutes;La photographie automatisée est l'avenir des visuels e-commerce.;aucune;Affirmation prospective absolue , « avantage concurrentiel majeur » relève du même registre.;aucun
67d5449d2485fd10feb26276;e-commerce-quel-est-le-reel-impact-des-visuels;toutes;La photographie automatisée garantit des images homogènes, engageantes et adaptées à tous vos canaux de vente.;aucune;Garantie absolue dans la meta description.;EN « ensures » : équivalent
67e2ad276291f90c1cf0dc8b;decryptages-interviewe-laurent-wainberg-fondateur-et-dirigeant-de-packshotcreator;toutes;Créée en 2003, la société Sysnext;aucune;Contredit la décision D33 (25/09/2026) : date de création 2001.;
67e2ad276291f90c1cf0dc8b;decryptages-interviewe-laurent-wainberg-fondateur-et-dirigeant-de-packshotcreator;toutes;Dix ans après ses débuts, la société affiche une présence dans plus de 35 pays, près de 8 000 entreprises équipées;aucune (l'interview GNPP de 2012 liée en fin d'article est la source probable, non vérifiée);Chiffres anciens au présent , à dater. D'autres pages du site annoncent « plus de 20.000 utilisateurs dans 35 pays » (famille 670e28fe822e237fb9d638e4).;
67e2ad276291f90c1cf0dc8b;decryptages-interviewe-laurent-wainberg-fondateur-et-dirigeant-de-packshotcreator;toutes;En 2011, Sysnext affichait déjà un chiffre d’affaires de 4 millions d’euros, en croissance de +11 %. L’année suivante démarrait sur une dynamique encore plus forte (+20 %).;aucune (probablement l'interview GNPP du 17/09/2012);Données financières historiques à confirmer.;
67e2ad276291f90c1cf0dc8b;decryptages-interviewe-laurent-wainberg-fondateur-et-dirigeant-de-packshotcreator;toutes;qui a introduit dès 2003 en Europe le premier système de photographie automatisée pour les produits.;aucune;Revendication d'antériorité (« premier ») non sourcée.;
67e2ad276291f90c1cf0dc8b;decryptages-interviewe-laurent-wainberg-fondateur-et-dirigeant-de-packshotcreator;toutes;PackshotCreator a été le premier acteur à structurer le marché européen de la photographie automatisée.;aucune;Superlatif non sourcé (FAQ).;
67e2ad276291f90c1cf0dc8b;decryptages-interviewe-laurent-wainberg-fondateur-et-dirigeant-de-packshotcreator;toutes;"Le terme ""Packshot"" est même devenu un générique utilisé dans l’industrie, ce qui témoigne de l’impact de la marque.";aucune;Lien de causalité entre la marque et l'usage générique du mot « packshot » affirmé sans preuve , affirmation forte à valider ou retirer.;
67e2ad276291f90c1cf0dc8b;decryptages-interviewe-laurent-wainberg-fondateur-et-dirigeant-de-packshotcreator;toutes;PackshotCreator est devenu en 2023 le distributeur officiel d’Orbitvu en France et dans plusieurs pays francophones;aucune;Date à confirmer , périmètre différent d'autres pages du site (« distributeur officiel Orbitvu en France et en Suisse »).;
67e2ad276291f90c1cf0dc8b;decryptages-interviewe-laurent-wainberg-fondateur-et-dirigeant-de-packshotcreator;toutes;intégrant ces nouvelles solutions plus performantes, plus fiables et conçues pour les standards actuels de l’e-commerce;aucune;Comparatif implicite avec l'ancienne gamme, non étayé.;
67e2ad276291f90c1cf0dc8b;decryptages-interviewe-laurent-wainberg-fondateur-et-dirigeant-de-packshotcreator;toutes;en formant de nombreux utilisateurs;aucune;Claim adouci depuis l'import (« des milliers d'utilisateurs » / « thousands of users ») , noter que le paragraphe sur la formation a aussi été réécrit le 30/09/2026 (commit fc6c9c6b).;EN « by training many users » : identique.
67cec9e3b3c31a70984135de;interview-visuels-ecommerce-wizishop;toutes;Découvrez comment la production de visuels e-commerce en interne révolutionne votre stratégie digitale.;aucune;« Révolutionne » : superlatif promotionnel dans la description.;Aucun : l'EN dit « is revolutionizing your digital strategy ».
67cec9e3b3c31a70984135de;interview-visuels-ecommerce-wizishop;toutes;À l'horizon 2020, le chiffre d'affaires de la vente en ligne est estimé à 4 000 milliards d'euros dans le monde.;aucune;Prévision de 2018, périmée en 2026 et non sourcée.;Format numérique français conservé en EN (« 4 000 billion euros »).
67cec9e3b3c31a70984135de;interview-visuels-ecommerce-wizishop;toutes;La création d'une boutique en ligne ne coûte plus que quelques euros.;aucune;Affirmation commerciale de WiziShop datée de 2018.;
67cec9e3b3c31a70984135de;interview-visuels-ecommerce-wizishop;toutes;Une solution automatisée comme Orbitvu devient rentable dès que vous photographiez régulièrement plus de 20 produits par mois;aucune;Seuil de rentabilité chiffré sans source, dans une FAQ ajoutée à un entretien de 2018.;Aucun : l'EN dit « more than 20 products per month ».
67cec9e3b3c31a70984135de;interview-visuels-ecommerce-wizishop;toutes;Les études montrent qu'une combinaison de deux types de visuels est particulièrement efficace;aucune;« Les études montrent » sans aucune étude citée. Suit « Les animations à 360° augmentent également les taux de conversion de 30% en moyenne », chiffre non sourcé.;Aucun : l'EN dit « Studies show » et « by an average of 30% ».
67cec9e3b3c31a70984135de;interview-visuels-ecommerce-wizishop;toutes;tout en réduisant le temps de production de 80%.;aucune;Gain de productivité chiffré, attribué à l'IA d'Orbitvu, sans source.;Aucun : l'EN dit « by 80% ».
67cec9e3b3c31a70984135de;interview-visuels-ecommerce-wizishop;toutes;L'IA intégrée dans les solutions modernes comme Orbitvu automatise la calibration de l'éclairage, optimise les paramètres de prise de vue en fonction du type de produit;aucune;Fonctionnalités produit à vérifier auprès d'Orbitvu.;
67cec9e3b3c31a70984135de;interview-visuels-ecommerce-wizishop;toutes;une maîtrise totale du budget sans frais récurrents;aucune;Promesse absolue (« totale », « sans frais récurrents ») sur un équipement qui a des coûts de maintenance et de logiciel.;Aucun : l'EN dit « total control of the budget without recurring costs ».
67cec9e3b3c31a70984135de;interview-visuels-ecommerce-wizishop;toutes;ce qui augmente leur confiance et améliore significativement les taux de conversion;aucune;« Significativement » non étayé.;
67e290e6423ee8342daef9da;eclairage-packshots-360-3d-produits;toutes;Les études – et notre retour terrain – montrent que les produits présentés avec des animations 360° augmentent les conversions de plus de 30 % dans certains secteurs;aucune (études non citées);Statistique de conversion sans source.;
67e290e6423ee8342daef9da;eclairage-packshots-360-3d-produits;toutes;ont systématiquement obtenu des résultats professionnels durables;aucune;Absolu « systématiquement », suivi de « une réduction drastique du temps de post-traitement » et « une hausse significative des conversions en ligne ».;EN « have consistently obtained » : nuance légèrement atténuée.
67e290e6423ee8342daef9da;eclairage-packshots-360-3d-produits;toutes;Avec l’expérience acquise depuis 2003, PackshotCreator a pu constater;aucune;Date d'ancienneté, cohérente avec d'autres contenus du dépôt (« studios PackshotCreator entre 2003 et… »), à confirmer.;
67e290e6423ee8342daef9da;eclairage-packshots-360-3d-produits;toutes;Cette vérification en un clic permet de produire des visuels prêts à l’emploi, sans post-traitement, avec un fond blanc parfait;aucune;Promesse absolue (sans post-traitement, fond blanc parfait).;
67e290e6423ee8342daef9da;eclairage-packshots-360-3d-produits;toutes;Un studio photo automatisé permet de produire en interne des visuels produits animés en un temps record.;aucune;Superlatif.;
67e290e6423ee8342daef9da;eclairage-packshots-360-3d-produits;fr;Une fois les profils configurés, un shooting peut être lancé en moins d’une minute.;aucune;Promesse de délai (FAQ).;
67e290e6423ee8342daef9da;eclairage-packshots-360-3d-produits;fr;ces systèmes garantissent des conditions de prise de vue identiques pour chaque produit;aucune;Garantie absolue, suivie de « une cohérence visuelle parfaite » (FAQ).;
67e290e6423ee8342daef9da;eclairage-packshots-360-3d-produits;fr;Il détecte automatiquement les zones sous-exposées ou surexposées;aucune;Fonctionnalité logicielle non nommée (quel logiciel ?), à confirmer.;
681a1a294d5ce94156610507;logiciel-packshotcreator-ortery-perdu-solution;toutes;Le support PackshotCreator sur ces solutions a officiellement pris fin au 31 décembre 2024;aucune;Fait daté engageant (fin de support) à confirmer.;
681a1a294d5ce94156610507;logiciel-packshotcreator-ortery-perdu-solution;toutes;PackshotCreator a été pendant plus de 20 ans le distributeur exclusif d'Ortery en sur la zone EMEA;aucune;Revendication historique d'exclusivité (Ortery) : laissée intacte volontairement par le commit 74dff0ce (« ancien partenariat Ortery ») , à confirmer au regard de la doctrine D6, qui proscrit « exclusif » dans les revendications de distribution.;EN « the Exclusive Distributor of Ortery In EMEA », identique sur le fond
681a1a294d5ce94156610507;logiciel-packshotcreator-ortery-perdu-solution;toutes;Dans ces cas, une remise en fonctionnement est rarement possible.;aucune;Affirmation défavorable sur un tiers (Ortery), en tension avec la FAQ 2 (« Techniquement, vous pouvez tenter de remettre votre studio en service en contactant directement Ortery. »).;
681a1a294d5ce94156610507;logiciel-packshotcreator-ortery-perdu-solution;toutes;Oui, les logiciels Ortery les plus récents sont compatibles avec Windows 11.;aucune;Affirmation sur un tiers, contradictoire avec le corps (« compatibilité limitée avec Windows 11 »).;EN renforce : « the most recent Ortery software versions are fully compatible with Windows 11 ».
681a1a294d5ce94156610507;logiciel-packshotcreator-ortery-perdu-solution;toutes;Éclairage virtuel avec 74 lampes pilotables séparément;vidéo YouTube 9Yrf5vwJsu4 (non vérifiée);Spécification technique chiffrée, sans indication du modèle concerné.;
681a1a294d5ce94156610507;logiciel-packshotcreator-ortery-perdu-solution;toutes;Compatibilité complète avec Mac/PC, PIM, DAM, marketplaces, e-commerce;aucune;Promesse de compatibilité « complète » (et « support complet de Windows 11 et MacOS ») à vérifier pour Orbitvu Station.;
681a1a294d5ce94156610507;logiciel-packshotcreator-ortery-perdu-solution;toutes;Dans la majorité des cas, le temps de production est réduit d’un facteur de trois à cinq, avec un impact direct sur vos coûts et vos délais.;aucune;Gain chiffré non sourcé (FAQ 4).;EN « For most teams, production time is reduced by a factor of three to five », équivalent.
681a1a294d5ce94156610507;logiciel-packshotcreator-ortery-perdu-solution;toutes;Cette offre comprend un diagnostic gratuit, une évaluation de reprise de votre matériel, une remise commerciale sur un nouveau studio Orbitvu;aucune;Engagement commercial (gratuité, remise, « sans interruption d’activité ») à confirmer dans l'offre actuelle.;EN « a commercial offer on a new Orbitvu studio » (la remise devient une simple offre) et « with no production downtime ».
681a1a294d5ce94156610507;logiciel-packshotcreator-ortery-perdu-solution;toutes;Depuis plus de 20 ans, PackshotCreator a permis à des milliers d'entreprises de produire en interne des visuels de qualité professionnelle;lien interne /fr/a-propos;« des milliers d'entreprises » non chiffré.;
67d1a71d5b8b56f8af527bfa;choix-media-guide-de-la-photographie-packshot-4;toutes;Les vidéos ont également tendance à augmenter votre taux de conversion;aucune;Effet sur la conversion et les profits, sans source.;
67d1a71d5b8b56f8af527bfa;choix-media-guide-de-la-photographie-packshot-4;toutes;Ces studios ont révolutionné le monde de la photographie packshot;aucune;Superlatif.;
67d1a71d5b8b56f8af527bfa;choix-media-guide-de-la-photographie-packshot-4;toutes;vous pouvez aisément réaliser des animations à 360 degrés de vos produits et ce, en quelques minutes seulement;lien /fr/studio-photo/selecteur-machines (EN : /en/studios-photo-automatises);Promesse de délai.;
67d1a71d5b8b56f8af527bfa;choix-media-guide-de-la-photographie-packshot-4;toutes;Un gain de temps considérable;aucune;Liste de promesses (« De grandes économies sur le long terme », « Une facilité d'utilisation , même pour les débutants »).;EN inintelligible (« One considerable time savings », « Of big savings »).
67d1a71d5b8b56f8af527bfa;choix-media-guide-de-la-photographie-packshot-4;toutes;celui que l'on retrouve sur tous les sites e-commerce sans exception;aucune;Absolu.;
67d1a71d5b8b56f8af527bfa;choix-media-guide-de-la-photographie-packshot-4;toutes;Il s'agit d'une technologie assez novatrice, ce qui vous permet de vous différencier de la concurrence;aucune;Affirmation datée : le 360° n'est plus une nouveauté.;
67d1a71d5b8b56f8af527bfa;choix-media-guide-de-la-photographie-packshot-4;toutes;Une vidéo est plus gourmande en bande passante qu'une photo ou une animation;aucune;Comparaison technique à nuancer : une animation 360° se compose de nombreuses images.;
67d1a71d5b8b56f8af527bfa;choix-media-guide-de-la-photographie-packshot-4;fr;Le système gère automatiquement le détourage, l'optimisation des images et la publication sur vos canaux de vente.;aucune;Fonctionnalités d'Orbitvu Station (publication automatique sur les canaux de vente) à confirmer , absentes du corps.;EN : « image cropping » au lieu de détourage, ce qui change la fonctionnalité annoncée.
67d1a71d5b8b56f8af527bfa;choix-media-guide-de-la-photographie-packshot-4;fr;Ces différentes prises de vue peuvent être automatisées et sauvegardées dans des modèles réutilisables pour une cohérence parfaite.;aucune;Promesse absolue (« cohérence parfaite »).;
67d185c3a21a878712b93709;optimiser-collaboration-equipe-success-story-shotflow;toutes;Une amélioration du taux de conversion de 58% grâce à un service client plus efficace.;aucune (seule source implicite : la vidéo Vimeo 842561038, non vérifiée);Chiffre de résultat client sans source, sans rapport direct avec la production photo, et repris dans la description comme effet de ShotFlow sur la production de contenu.;Aucun sur le chiffre. La description, FR comme EN, le rattache à tort à la production de contenu.
67d185c3a21a878712b93709;optimiser-collaboration-equipe-success-story-shotflow;toutes;Une réduction du temps moyen des appels de deux minutes;aucune;Indicateur de centre d'appels sans lien démontré avec ShotFlow.;Aucun : l'EN dit « Reduced average call time by two minutes ».
67d185c3a21a878712b93709;optimiser-collaboration-equipe-success-story-shotflow;toutes;Grâce à son partenariat stratégique avec ShotFlow;lien https://www.shotflow.com/;La qualification de « partenariat stratégique » est à vérifier : relation client-fournisseur ou partenariat ?;Aucun : l'EN dit « strategic partnership ».
67d185c3a21a878712b93709;optimiser-collaboration-equipe-success-story-shotflow;toutes;De garantir une cohérence parfaite lors des lancements de produits et sur l'ensemble des canaux de distribution;aucune;« Garantir » et « parfaite » : promesse absolue.;Aucun : l'EN dit « To guarantee a perfect consistency ».
67d185c3a21a878712b93709;optimiser-collaboration-equipe-success-story-shotflow;toutes;Cette transition a non seulement permis de réduire son empreinte environnementale;aucune;Bénéfice environnemental non quantifié ni sourcé.;
67d185c3a21a878712b93709;optimiser-collaboration-equipe-success-story-shotflow;toutes;Rapidité de production considérablement améliorée grâce à l'automatisation;aucune;Gain non quantifié.;Aucun : l'EN dit « significantly improved ».
67d185c3a21a878712b93709;optimiser-collaboration-equipe-success-story-shotflow;toutes;pendant plus d'un siècle;aucune;Fait historique sur le client, qui permet de l'identifier malgré l'anonymisation.;
67c982a7148e9c23556de8e8;optimiser-travail-production-visuelle;toutes;Réduisez de 40% le temps de production de vos visuels e-commerce grâce à des flux de travail optimisés.;aucune;Promesse chiffrée en description, sans « jusqu'à », tirée d'une étude de cas anonyme.;aucun (EN : « Reduce the production time of your e-commerce visuals by 40% »)
67c982a7148e9c23556de8e8;optimiser-travail-production-visuelle;toutes;40% des équipes créatives affirment que leur principal obstacle pour fournir du contenu à temps est un flux de travail inefficace.;aucune;Statistique présentée comme fait, sans source ni date.;
67c982a7148e9c23556de8e8;optimiser-travail-production-visuelle;toutes;Les entreprises perdent environ 20 à 30% de leur production en raison d'outils déconnectés et de systèmes fragmentés.;aucune;Statistique non sourcée , « perdent … de leur production » est ambigu (productivité ? volume ?).;
67c982a7148e9c23556de8e8;optimiser-travail-production-visuelle;toutes;50% des marques de e-commerce rapportent que des retards dans les visuels nuisent au succès des campagnes et aux lancements de produits.;aucune;Statistique non sourcée.;
67c982a7148e9c23556de8e8;optimiser-travail-production-visuelle;toutes;En automatisant les tâches répétitives et en centralisant les ressources, les équipes peuvent réduire les temps de production jusqu'à 50% .;aucune;Gain de productivité non sourcé , repris en FAQ comme résultat propre à ShotFlow.;
67c982a7148e9c23556de8e8;optimiser-travail-production-visuelle;toutes;Réduire les erreurs et la main-d'œuvre manuelle permet aux entreprises d'économiser jusqu'à 20% sur les coûts de production.;aucune;Promesse d'économie non sourcée.;
67c982a7148e9c23556de8e8;optimiser-travail-production-visuelle;toutes;Une augmentation de 30% de la productivité.;aucune;Étude de cas anonyme (« Un détaillant de mode mondial »), avec « Des approbations 60% plus rapides » , reprise en FAQ comme constat après adoption de ShotFlow.;
67c982a7148e9c23556de8e8;optimiser-travail-production-visuelle;toutes;un détaillant mondial d'électronique a économisé 20 heures par semaine;aucune;Étude de cas anonyme , de même « réduit de 40% le temps consacré à la recherche de fichiers », « économisant 15 heures par semaine et augmentant ses taux d'engagement de 20% », « réduisant ainsi le temps de production de 25% ».;
67c982a7148e9c23556de8e8;optimiser-travail-production-visuelle;toutes;ShotFlow automatise les tâches répétitives comme le renommage des fichiers, le balisage des métadonnées et le redimensionnement des images. Cette automatisation peut réduire jusqu'à 50% le temps de production;aucune (appel de note « 1 » orphelin);La FAQ attribue à ShotFlow des fonctions et un gain que le corps attribue à l'automatisation en général.;
67c982a7148e9c23556de8e8;optimiser-travail-production-visuelle;toutes;ShotFlow s'intègre parfaitement entre les systèmes PIM (Product Information Management) et DAM (Digital Asset Management), comblant ainsi le fossé dans la création de contenu. Il offre des intégrations configurables avec divers outils, y compris Adobe Creative Cloud;aucune;Fonctionnalités produit (intégrations, Adobe Creative Cloud, application iOS, « listes de prélèvement ») absentes du corps : à valider auprès de l'éditeur.;
67c72c0ed089bd9fca057083;orbitvu-lautomatisation-au-service-de-la-photographie-3d-360deg;toutes;La force d' Orbitvu réside dans sa capacité unique à combiner innovation technologique et simplicité d'utilisation;aucune;« Unique », « avant-garde de cette révolution visuelle », « transforment radicalement » : superlatifs promotionnels.;aucun
67c72c0ed089bd9fca057083;orbitvu-lautomatisation-au-service-de-la-photographie-3d-360deg;toutes;Capacité de traiter jusqu'à 150 produits par jour pour répondre aux besoins des catalogues volumineux;aucune;Cadence non rattachée à un modèle précis.;aucun
67c72c0ed089bd9fca057083;orbitvu-lautomatisation-au-service-de-la-photographie-3d-360deg;toutes;Exportez facilement en HTML5 , MP4 , JPG , PNG , WebP ou AVIF;aucune;Liste de formats d'export (AVIF notamment) à confirmer dans la documentation d'Orbitvu Station.;aucun
67c72c0ed089bd9fca057083;orbitvu-lautomatisation-au-service-de-la-photographie-3d-360deg;toutes;Publiez directement sur Shopify , Magento et autres plateformes grâce aux connecteurs dédiés;aucune;Existence de connecteurs dédiés à vérifier , « en un clic » (« Publication Instantanée ») relève du même registre.;aucun
67c72c0ed089bd9fca057083;orbitvu-lautomatisation-au-service-de-la-photographie-3d-360deg;toutes;Les animations 360° réduisent l' incertitude des acheteurs et stimulent les ventes;aucune;Effet sur les ventes non étayé.;aucun
67c72c0ed089bd9fca057083;orbitvu-lautomatisation-au-service-de-la-photographie-3d-360deg;toutes;Supports robustes supportant jusqu'à 250 kg;aucune;Charge maximale des plateaux G2 MIDI et MAXI à vérifier sur la fiche technique.;aucun
67c72c0ed089bd9fca057083;orbitvu-lautomatisation-au-service-de-la-photographie-3d-360deg;toutes;Réalisez des prises de vue multi-angles avec détourage automatique en quelques secondes;aucune;Promesse de délai.;aucun
67c72c0ed089bd9fca057083;orbitvu-lautomatisation-au-service-de-la-photographie-3d-360deg;toutes;McLeod Accessories : Délais de production réduits de plusieurs jours à quelques heures;vidéo YouTube intégrée (OIYO7v6Bew8);Études de cas (McLeod, Pompéi : 5 000 artefacts en 3 mois avec 2 opérateurs , Bata : productivité triplée, 3 000 photos par mois) dont les chiffres doivent figurer dans les vidéos citées. Intertitre « Résultats Prouvés par des Leaders du Marché ».;aucun
67c72c0ed089bd9fca057083;orbitvu-lautomatisation-au-service-de-la-photographie-3d-360deg;toutes;Bata : Productivité triplée grâce à l'Alphashot XL, atteignant plus de 3 000 photos mensuelles;vidéo YouTube intégrée (G-YeZWOg5Ns);Chiffre client , modèle cité (Alphashot XL) remplacé dans le catalogue du site (Alphashot XL v2 délistée).;aucun
67c72c0ed089bd9fca057083;orbitvu-lautomatisation-au-service-de-la-photographie-3d-360deg;toutes;Orbitvu automatise la prise de vue, le détourage et l’édition, réduisant jusqu’à 70 % le temps de production des visuels produits.;aucune;Chiffre non sourcé (le « jusqu'à » est conservé en EN).;aucun
67c72c0ed089bd9fca057083;orbitvu-lautomatisation-au-service-de-la-photographie-3d-360deg;toutes;Une réduction significative des coûts opérationnels;aucune;Promesses génériques (« augmentation substantielle de la productivité », « qualité visuelle exceptionnelle »).;aucun
67d16fc7ca69ff54d95f3dae;materiel-photo-guide-photographie-packshot;toutes;Les tailles de capteur les plus courantes sont le plein format (35 mm de largeur) et l'APS-C (24 mm de largeur).;aucune;Dimension du plein format à vérifier (le format est couramment donné à 36 × 24 mm) , EN identique « full frame (35mm wide) and APS-C (24mm wide) ».;
67d16fc7ca69ff54d95f3dae;materiel-photo-guide-photographie-packshot;toutes;Pour la photographie packshot, nous recommandons d'opter pour l'APS-C qui offre une profondeur de champ plus élevée et donc un produit plus net dans le cadre.;aucune;Affirmation technique simplifiée (vraie seulement à cadrage et ouverture comparables) , recommandation d'équipement à valider par un photographe.;
67d16fc7ca69ff54d95f3dae;materiel-photo-guide-photographie-packshot;toutes;Les appareils photo reflex (DSLR) sont largement considérés comme la norme de facto pour la photographie packshot de produits;aucune;Affirmation datée (article de 2024, contenu probablement antérieur) , l'évolution du marché vers d'autres types de boîtiers est à vérifier avant republication.;
67d16fc7ca69ff54d95f3dae;materiel-photo-guide-photographie-packshot;toutes;Il pourrait être tentant d'en rester aux smartphones, mais leur qualité d'image est trop limitée pour faire de bonnes photographies packshot.;aucune;Affirmation absolue non étayée.;
67d16fc7ca69ff54d95f3dae;materiel-photo-guide-photographie-packshot;toutes;Il est ainsi recommandé d'utiliser une lumière blanche neutre, avec une température de couleur de 5500K.;aucune;Valeur technique prescriptive non sourcée.;
67d16fc7ca69ff54d95f3dae;materiel-photo-guide-photographie-packshot;toutes;Cela permet non seulement d'économiser beaucoup de temps et de travail manuel, mais également de réduire les erreurs et les coûts liés à la photographie. Vous êtes ainsi en mesure d'augmenter votre productivité tout en vous garantissant une qualité de photographie supérieure.;aucune;Promesse de productivité, de réduction des coûts et de qualité « garantie » sans chiffre ni source.;EN « while ensuring superior photography quality » : équivalent.
67d16fc7ca69ff54d95f3dae;materiel-photo-guide-photographie-packshot;toutes;pour garantir que chaque prise de vue sera semblable à la précédente;aucune;Léger renforcement en EN.;EN « to ensure that each shot is the same as the last » : « the same » est plus fort que « semblable ».
67d16fc7ca69ff54d95f3dae;materiel-photo-guide-photographie-packshot;toutes;vous pouvez enregistrer toutes vos positions et réglages pour les réutiliser en un clic d'une photo à l'autre, rendant cette étape totalement triviale !;aucune;Promesse produit (« en un clic », « totalement ») à valider sur les studios réellement vendus.;
67d16fc7ca69ff54d95f3dae;materiel-photo-guide-photographie-packshot;toutes;Vous pouvez également ajouter une vue à 360° composée de 24 à 72 images selon la précision souhaitée. Pour l'e-commerce, un minimum de 5 à 7 photos est généralement recommandé;aucune;Chiffres de FAQ non sourcés.;
67d16fc7ca69ff54d95f3dae;materiel-photo-guide-photographie-packshot;toutes;Un objectif macro dans la plage 85mm-105mm est idéal pour capturer les petits produits et les détails avec une précision exceptionnelle.;aucune;Recommandation technique et superlatif non sourcés.;
670e28fe822e237fb9d638e4;photographie-2d-de-produits;toutes;Nous sommes le leader mondial de la photographie fixe de produits, dessolutions 360° et 3D.;aucune;Superlatif invérifiable , « nous » désigne l'ancienne offre PackshotCreator (logiciels Ortery selon l'article interne cité).;aucun (texte identique)
670e28fe822e237fb9d638e4;photographie-2d-de-produits;toutes;Avec plus de 70 brevets, nous améliorons et innovons constamment notre gamme;aucune;Chiffre de brevets non sourcé, titulaire non précisé.;aucun
670e28fe822e237fb9d638e4;photographie-2d-de-produits;toutes;Depuis près de 20 ans, nous poursuivons un seul objectif;aucune;Durée non datée (page créée en 2024) , à recalculer ou retirer.;aucun
670e28fe822e237fb9d638e4;photographie-2d-de-produits;toutes;Nos studios automatisés ont déjà convaincu plus de 20.000 utilisateurs dans 35 pays.;aucune;Chiffres commerciaux non sourcés et non datés.;aucun
670e28fe822e237fb9d638e4;photographie-2d-de-produits;toutes;Le logiciel PackshotCreator est le logiciel de photographie de produits le plus puissant et le plus unique du marché.;aucune;Superlatif invérifiable sur un logiciel dont la distribution aurait cessé fin 2024.;aucun
670e28fe822e237fb9d638e4;photographie-2d-de-produits;toutes;Flexible et plug-and-play, le LiveStudio est la solution de prise de vue la plus accessible du marché.;aucune;Superlatif , LiveStudio figure dans la gamme Ortery selon sessions/research/concurrents-directs.md (22/03/2026).;aucun
670e28fe822e237fb9d638e4;photographie-2d-de-produits;toutes;Toutes les sources lumineuses présentes dans les studios photo peuvent être ajustées individuellement de 1 à 100%.;aucune;Caractéristique technique à vérifier.;aucun
670e28fe822e237fb9d638e4;photographie-2d-de-produits;toutes;les cristaux LEDs, conçus pour durer plus de 50 000 heures;aucune;Durée de vie non sourcée.;aucun
670e28fe822e237fb9d638e4;photographie-2d-de-produits;toutes;le tout sans aucune connaissance nécessaire en photographie.;aucune;Promesse absolue.;aucun
670e28fe822e237fb9d638e4;photographie-2d-de-produits;toutes;Éliminez les étapes de retouches et gagnez un temps considérable;aucune;Promesse absolue (suppression de la retouche).;aucun
670e28fe822e237fb9d638e4;photographie-2d-de-produits;toutes;Avec notre logiciel, les possibilités sont infinies !;aucune;Hyperbole.;aucun
670e28fe74e43240fd9cff6b;photographie-3d-de-produits-une-serie-complete-dequipement-avec-logiciel-integre;toutes;Nos plateaux tournants brevetés et nos environnements d'éclairage LED sont entièrement contrôlés par logiciel;aucune;« brevetés » : brevets non cités , à valider (gamme historique).;Corps EN identique au FR.
670e28fe74e43240fd9cff6b;photographie-3d-de-produits-une-serie-complete-dequipement-avec-logiciel-integre;toutes;Nous fabriquons des solutions de photographie de produits en 3D;aucune;Qualité de fabricant à vérifier pour l'offre actuelle (distribution Orbitvu depuis 2023 selon la chronologie du site).;
670e28fe74e43240fd9cff6b;photographie-3d-de-produits-une-serie-complete-dequipement-avec-logiciel-integre;toutes;Les animations de produits interactives en 3D augmentent les taux de conversion lors de la vente en ligne;aucune;Effet sur la conversion non sourcé , repris dans « Augmentez le taux de conversion de votre site web » et dans la description (« booster vos conversions »).;
670e28fe74e43240fd9cff6b;photographie-3d-de-produits-une-serie-complete-dequipement-avec-logiciel-integre;toutes;garantissent le flux de travail le plus rapide et le plus productif possible;aucune;Superlatif et « garantissent ».;
670e28fe74e43240fd9cff6b;photographie-3d-de-produits-une-serie-complete-dequipement-avec-logiciel-integre;toutes;le logiciel intégré synchronise la prise de vue (jusqu'à 10 appareils photo);aucune;Capacité technique de produits historiques à confirmer , voir aussi « Contrôlez en même temps jusqu'à 10 appareils photo ».;
670e28fe74e43240fd9cff6b;photographie-3d-de-produits-une-serie-complete-dequipement-avec-logiciel-integre;toutes;Prenez jusqu'à 1024 images sur 10 rangées;aucune;Spécification à confirmer.;
670e28fe74e43240fd9cff6b;photographie-3d-de-produits-une-serie-complete-dequipement-avec-logiciel-integre;toutes;Visualisez et utilisez des fonctionnalités logicielles uniques;aucune;« uniques ».;
670e28fe74e43240fd9cff6b;photographie-3d-de-produits-une-serie-complete-dequipement-avec-logiciel-integre;toutes;Simple à apprendre et à utiliser. Aucune expérience requise.;aucune;Promesse absolue.;
670e28fe74e43240fd9cff6b;photographie-3d-de-produits-une-serie-complete-dequipement-avec-logiciel-integre;toutes;Nos systèmes 3D assurent un grand débit, des résultats cohérents et une qualité d'image exceptionnelle.;aucune;Promesse générale non chiffrée.;
670e28feaee9d0fd336c0802;photographie-de-produits-a-360-degres-en-interne;toutes;Nos best-sellers, les studios photo entièrement automatisés sont composés d'un plateau tournant rétroéclairé breveté;aucune;Brevet affirmé (repris : « plateaux tournants rétroéclairés et brevetés par PackshotCreator », « Les plateaux tournants 360 brevetés et perfectionnés ») : titulaire et validité à vérifier.;aucun (texte identique)
670e28feaee9d0fd336c0802;photographie-de-produits-a-360-degres-en-interne;toutes;Notre logiciel puissant et facile à utiliser permet à n'importe quel membre de votre entreprise de créer des animations à 360 degrés en quelques secondes;aucune;Promesse de délai (« en quelques secondes », répétée plus bas).;
670e28feaee9d0fd336c0802;photographie-de-produits-a-360-degres-en-interne;toutes;un logiciel unique qui automatise l'ensemble des flux de production photo;aucune;Superlatif « unique ».;
670e28feaee9d0fd336c0802;photographie-de-produits-a-360-degres-en-interne;toutes;Ils ont été s pécialement conçus pour répondre aux besoins de tous les secteurs d'activités;aucune;Généralisation « tous les secteurs ».;
670e28feaee9d0fd336c0802;photographie-de-produits-a-360-degres-en-interne;toutes;Depuis 2001, Packshot Creator développe des plateaux tournants et des studios photo 360° pour la photographie de produits.;aucune;Date cohérente avec la décision de date de création 2001 (docs/seo-geo/DECISIONS.md) , en revanche l'affirmation « développe » (fabricant) et l'existence actuelle du « logiciel PackshotCreator » sont à confirmer : l'article « logiciel-packshotcreator-ortery-perdu-solution » présente Ortery comme éditeur des logiciels PackshotCreator et PackshotSpin.;
670e28feaee9d0fd336c0802;photographie-de-produits-a-360-degres-en-interne;toutes;Augmenter les taux de conversion;aucune;Bénéfices 360° présentés sans chiffre ni source (conversion, retours, confiance).;
670e28feaee9d0fd336c0802;photographie-de-produits-a-360-degres-en-interne;toutes;Des plugins personnalisés et un guide d'utilisation à 360 degrés sont offerts gratuitement aux clients de Packshot Creator;aucune;Engagement commercial (gratuité) à confirmer dans l'offre actuelle.;
670e28feaee9d0fd336c0802;photographie-de-produits-a-360-degres-en-interne;toutes;vos animations 360° de produits seront compatibles sur toutes les plateformes et visibles sans plug-in additionnel !;aucune;Promesse de compatibilité universelle.;
670e262d9f7bb2b0d5f7c85f;avantage-du-e-commerce-pour-les-entreprises;toutes;Avant la crise sanitaire, la croissance du e-commerce tournait autour de 10 à 15 % par an . Pendant la pandémie, elle a bondi à 30 % .;aucune;Taux de croissance sans source ni périmètre géographique.;Aucun sur les chiffres.
670e262d9f7bb2b0d5f7c85f;avantage-du-e-commerce-pour-les-entreprises;toutes;L'automatisation avec un studio photo Orbitvu permet de photographier jusqu'à 150 produits par jour avec 7 photos par produit.;aucune;Cadence produit (FAQ) sans précision du modèle ni des conditions.;« jusqu'à » conservé (EN « up to 150 products per day »).
670e262d9f7bb2b0d5f7c85f;avantage-du-e-commerce-pour-les-entreprises;toutes;Le coût moyen est inférieur à 1€ par produit pour 7 photos, incluant l'investissement initial et les coûts d'exploitation.;aucune;Coût unitaire dont les hypothèses (volume, durée d'amortissement) ne sont pas données , à rapprocher du calculateur ROI du site.;
670e262d9f7bb2b0d5f7c85f;avantage-du-e-commerce-pour-les-entreprises;toutes;"Les clients témoignent d'un ROI ""formidable"" avec une augmentation significative de la productivité, passant de quelques photos par mois à plus de 100 par jour.";aucune;Témoignage client non attribué, présenté comme général (« Les clients »).;EN « Customers report a “tremendous” ROI » : équivalent.
670e262d9f7bb2b0d5f7c85f;avantage-du-e-commerce-pour-les-entreprises;toutes;Le logiciel Orbitvu Station permet de sauvegarder des modèles prédéfinis d'éclairage et de paramètres, assurant une homogénéité parfaite pour tous les produits. Le système d'éclairage cylindrique LED exclusif garantit des résultats professionnels constants.;aucune;Promesses absolues (« homogénéité parfaite », « exclusif », « garantit »).;EN « perfect homogeneity », « exclusive », « guarantees » : identiques.
670e262d9f7bb2b0d5f7c85f;avantage-du-e-commerce-pour-les-entreprises;toutes;Les solutions Orbitvu intègrent des paramètres préconfigurés conformes aux exigences des principales plateformes comme Amazon et eBay.;aucune;Fonction produit à vérifier auprès d'Orbitvu.;
670e262d9f7bb2b0d5f7c85f;avantage-du-e-commerce-pour-les-entreprises;toutes;75% des consommateurs considèrent la qualité visuelle comme primordiale dans leur décision d'achat. Des visuels de haute qualité peuvent augmenter les conversions jusqu'à 60%.;aucune;Deux statistiques sans source.;« jusqu'à » conservé (EN « by up to 60% ») , « primordiale » devient « essential ».
670e262d9f7bb2b0d5f7c85f;avantage-du-e-commerce-pour-les-entreprises;toutes;Grâce à une technologie innovante , vous pouvez créer en quelques minutes des images cohérentes , attrayantes et parfaitement cadrées , même si vous avez des centaines de références à photographier.;aucune;Promesse de délai et de résultat (« parfaitement cadrées »).;
670e262d9f7bb2b0d5f7c85f;avantage-du-e-commerce-pour-les-entreprises;toutes;Elle se traduit par une augmentation directe des revenus , sans coûts additionnels majeurs.;aucune;Lien de causalité affirmé sans donnée.;
670e262d9f7bb2b0d5f7c85f;avantage-du-e-commerce-pour-les-entreprises;toutes;Une flexibilité et une réactivité inégalées;aucune;Superlatif dans un intertitre.;EN « One flexibility And a responsiveness unequalled » : même superlatif.
67d29ed104741e4f9e4e9043;eclairage-photos-produits;toutes;Il intègre précisément 74 sources lumineuses indépendantes positionnées stratégiquement autour du produit.;lien vers la fiche produit /fr/studio-photo/alphashot-pro-g2 (sur le nom du modèle);Donnée technique , cohérente avec components/machine-selector/lib/machines.ts (« 74 sources lumineuses pour objets complexes »).;EN identique (« 74 independent light sources »).
67d29ed104741e4f9e4e9043;eclairage-photos-produits;toutes;offrant une flexibilité sans précédent pour mettre en valeur n'importe quel type de produit;aucune;Superlatif (« sans précédent », « n'importe quel type »).;EN « unprecedented flexibility to highlight any type of product ».
67d29ed104741e4f9e4e9043;eclairage-photos-produits;toutes;Les studios Orbitvu se distinguent par leur technologie exclusive IQ Mask™ , qui révolutionne le détourage automatique des images.;lien externe orbitvu.com (blog fabricant);« exclusive », « révolutionne », « supprime instantanément les arrière-plans » : promesses non vérifiées indépendamment.;EN « exclusive IQ Mask™ technology … removes backgrounds instantly ».
67d29ed104741e4f9e4e9043;eclairage-photos-produits;toutes;Cette technologie préserve même les ombres naturelles et les reflets, permettant de photographier efficacement des objets transparents, réfléchissants ou aux contours complexes .;aucune;Promesse de résultat sur des cas réputés difficiles.;EN identique.
67d29ed104741e4f9e4e9043;eclairage-photos-produits;toutes;Ce niveau de contrôle lumineux était jusqu'alors réservé aux studios professionnels équipés de multiples flashs et softboxes;aucune;Affirmation d'antériorité.;EN « Until now, this level of light control was reserved… ».
67d29ed104741e4f9e4e9043;eclairage-photos-produits;toutes;Les studios Orbitvu utilisent un système de fond rétroéclairé qui élimine virtuellement toutes les ombres indésirables. Cette technologie assure un arrière-plan parfaitement uni , idéal pour obtenir un fond blanc pur ou toute autre couleur uniforme sans post-traitement complexe.;aucune;Promesse « parfaitement uni », « fond blanc pur ».;EN « virtually eliminates all unwanted shadows … perfectly plain background ».
67d29ed104741e4f9e4e9043;eclairage-photos-produits;toutes;Les studios Orbitvu offrent une automatisation complète , de la capture initiale jusqu'à la publication multi-canal.;aucune;« automatisation complète ».;EN « a full automation ».
67d29ed104741e4f9e4e9043;eclairage-photos-produits;toutes;Auto Retoucher qui élimine automatiquement les imperfections de surface, les rayures et les empreintes digitales;aucune;Promesse fonctionnelle.;EN identique.
67d29ed104741e4f9e4e9043;eclairage-photos-produits;toutes;permettre à quiconque de créer des images de qualité studio sans expertise photographique particulière, tout en offrant aux professionnels un niveau de contrôle inégalé;aucune;Superlatifs (« inégalé », « combinaison unique », « efficacité et une cohérence sans précédent »).;EN « unsurpassed level of control », « unique combination », « unprecedented efficiency ».
67d29ed104741e4f9e4e9043;eclairage-photos-produits;toutes;désormais distributeur des solutions Orbitvu en France;lien LinkedIn de la personne;Fonction de la personne et statut de distributeur datés (« désormais », article de mars 2025) , à confirmer.;EN « now distributor of Orbitvu solutions in France ».
67d29ed104741e4f9e4e9043;eclairage-photos-produits;fr;Photographie de produits : maîtrisez l’éclairage multi-sources pour des visuels parfaits;aucune;Promesse « visuels parfaits » dans le metaTitle.;EN « for perfect visuals ».
67d03c4bc109c8cd115efc62;photographie-de-produits-comment-presenter-vos-vetements;toutes;Capture rapide : Réalisez des packshots professionnels en seulement 15 secondes;aucune;Durée de capture chiffrée.;EN : « in just 15 seconds »
67d03c4bc109c8cd115efc62;photographie-de-produits-comment-presenter-vos-vetements;toutes;Productivité accrue : Jusqu'à 150 prises de vue par heure;aucune;Cadence chiffrée.;EN : « Up to 150 shots per hour » (le « jusqu'à » est conservé)
67d03c4bc109c8cd115efc62;photographie-de-produits-comment-presenter-vos-vetements;toutes;Simplicité d'utilisation : Une seule personne peut gérer l'ensemble du processus;aucune;Promesse d'usage.;
67d03c4bc109c8cd115efc62;photographie-de-produits-comment-presenter-vos-vetements;toutes;Cohérence visuelle : Garantit une identité de marque uniforme;aucune;Garantie.;EN : « Ensures a consistent brand identity »
67d03c4bc109c8cd115efc62;photographie-de-produits-comment-presenter-vos-vetements;toutes;Publication directe : Exportez vos visuels vers vos plateformes e-commerce grâce aux plugins intégrés;aucune;Fonctionnalité (plugins intégrés) à vérifier.;
67d03c4bc109c8cd115efc62;photographie-de-produits-comment-presenter-vos-vetements;toutes;Résultats professionnels : Sans nécessiter de compétences avancées en photographie;aucune;Promesse d'usage.;
67d03c4bc109c8cd115efc62;photographie-de-produits-comment-presenter-vos-vetements;toutes;Découvrez comment la photographie flat lay révolutionne la présentation de vos produits en ligne.;aucune;Hyperbole (description).;EN : « is revolutionizing »
67d03c4bc109c8cd115efc62;photographie-de-produits-comment-presenter-vos-vetements;toutes;les systèmes automatisés comme ceux d'Orbitvu intègrent une technologie de détourage qui identifie automatiquement les contours du produit et supprime l'arrière-plan, tout en préservant les ombres naturelles si désirées;aucune;Fonctionnalité produit.;EN : « while maintaining the natural shadows that are needed » (option devenue nécessité)
670e28fcde56f7d5d41154d8;acheter-studio-photo-packshot-occasion;fr;La plupart des studios d'occasion proposés sur ces sites datent de plus de 10 ans;aucune;Généralisation non sourcée.;EN (citation) : « Most of the systems put on sale on this market have sometimes been in use for more than ten years »
670e28fcde56f7d5d41154d8;acheter-studio-photo-packshot-occasion;toutes;Un studio moderne peut traiter jusqu'à 200-300 produits par jour contre 50-80 pour les anciens systèmes.;aucune;Chiffres de productivité non sourcés.;Absent du corps EN , présent dans la FAQ EN (« between 200 and 300 products daily, compared to only 50 to 80 »).
670e28fcde56f7d5d41154d8;acheter-studio-photo-packshot-occasion;fr;Compatibilité garantie : Fonctionne parfaitement avec Windows 10/11 et les dernières versions de macOS.;aucune;Garantie de compatibilité (reprise dans la description).;Absent en EN.
670e28fcde56f7d5d41154d8;acheter-studio-photo-packshot-occasion;fr;Qualité d'image professionnelle inégalée;aucune;Superlatif.;Absent en EN.
670e28fcde56f7d5d41154d8;acheter-studio-photo-packshot-occasion;fr;fidélité colorimétrique certifiée;aucune;Certification non précisée (par qui ? selon quelle norme ?).;Absent en EN.
670e28fcde56f7d5d41154d8;acheter-studio-photo-packshot-occasion;fr;Évolutivité et pérennité garanties;aucune;Garantie.;Absent en EN.
670e28fcde56f7d5d41154d8;acheter-studio-photo-packshot-occasion;fr;Les visuels 360°, la réalité augmentée et les rendus 3D générés par les studios modernes augmentent l'engagement client et réduisent le taux de retour produit;aucune;Effet commercial non sourcé , capacité de réalité augmentée à vérifier.;Absent en EN.
670e28fcde56f7d5d41154d8;acheter-studio-photo-packshot-occasion;toutes;Les études démontrent qu'une imagerie de qualité médiocre peut réduire drastiquement les taux de conversion;aucune;« Les études » sans référence.;EN : « Studies show… »
670e28fcde56f7d5d41154d8;acheter-studio-photo-packshot-occasion;toutes;Capture et traitement en lot (jusqu’à 300 produits/jour).;aucune;Performance de l'Alphashot Pro G2 à vérifier auprès d'Orbitvu.;EN : « up to 300 products/day »
670e28fcde56f7d5d41154d8;acheter-studio-photo-packshot-occasion;toutes;Ces systèmes contemporains offrent une compatibilité native avec les principales plateformes de vente en ligne comme Shopify, WooCommerce et PrestaShop;aucune;Intégrations natives à vérifier.;
670e28fcde56f7d5d41154d8;acheter-studio-photo-packshot-occasion;fr;Formats modernes : Export en WebP et AVIF pour optimiser les performances web.;aucune;Fonctionnalité à vérifier.;Absent en EN.
670e28fcde56f7d5d41154d8;acheter-studio-photo-packshot-occasion;fr;Les anciens systèmes utilisent généralement des tubes fluorescents avec une durée de vie limitée (5 000 à 15 000 heures) contre 20 000 à 50 000 heures pour les LED modernes.;aucune;Durées de vie chiffrées sans source.;EN : « 20 to 50,000 hours, compared to 5 to 15,000 hours » (même ordre de grandeur, formulation ambiguë).
670e28fcde56f7d5d41154d8;acheter-studio-photo-packshot-occasion;en;The PackshotCreator Software has been constantly evolving since 2004.;aucune;Fait daté sur l'ancien logiciel maison , contredit le positionnement FR (PackshotCreator = ancienne marque).;Absent en FR.
67d6813d2b8490df8273ec78;lancement-dune-serie-debooks-dediee-au-ecommerce;toutes;80 % des consommateurs considèrent les images comme un critère clé avant l'achat.;aucune;Statistique non sourcée attribuée au livre blanc.;
67d6813d2b8490df8273ec78;lancement-dune-serie-debooks-dediee-au-ecommerce;toutes;comment les technologies modernes permettent de réduire de 40 % le temps de production des visuels;aucune;Chiffre non sourcé.;
67d6813d2b8490df8273ec78;lancement-dune-serie-debooks-dediee-au-ecommerce;toutes;Leader européen des solutions de création d'images produits;lien /fr/a-propos (EN /en/a-propos);Claim de leadership , dans le dépôt, ce statut est attribué à Orbitvu.;
67d6813d2b8490df8273ec78;lancement-dune-serie-debooks-dediee-au-ecommerce;toutes;tout en gardant une maîtrise totale de leur image de marque;aucune;Absolu.;
67d6813d2b8490df8273ec78;lancement-dune-serie-debooks-dediee-au-ecommerce;fr;les entreprises constatent souvent un ROI rapide;aucune;Promesse de ROI (FAQ).;
67d6813d2b8490df8273ec78;lancement-dune-serie-debooks-dediee-au-ecommerce;fr;de réduire le taux de retour et d’augmenter l’engagement;aucune;Effet non sourcé (FAQ).;
67e2c85e5c55bbc58cc3080a;la-chaussure-un-secteur-incontournable-du-e-commerce-dynamise-avec-packshotcreator;toutes;En 2022 , le marché français de la chaussure en ligne a atteint 13,1 milliards d'euros , soit une augmentation de plus de 42 % par rapport à 2014.;aucune;Chiffre sans source et invraisemblable au regard du même article (11 % de ventes en ligne). 13,1 / 9,2 = 1,42 : le chiffre semble calculé à partir des 9,2 milliards de 2014, eux-mêmes douteux. À vérifier.;EN « 13.1 billion euros » : identique.
67e2c85e5c55bbc58cc3080a;la-chaussure-un-secteur-incontournable-du-e-commerce-dynamise-avec-packshotcreator;toutes;Les consommateurs français sont parmi les plus grands acheteurs de chaussures en Europe, juste derrière les Britanniques. En moyenne, un Français achète 6,2 paires de chaussures par an , pour un budget annuel d’environ 380 € par ménage .;aucune;Chiffres non sourcés et non datés, contredits plus bas (5,7 paires, 330 €, « derrière les Etats-Unis »).;
67e2c85e5c55bbc58cc3080a;la-chaussure-un-secteur-incontournable-du-e-commerce-dynamise-avec-packshotcreator;toutes;En France le marché en ligne a représenté 9.2 milliards d’euros en 2014. Avec une augmentation de plus de 5% depuis 2010, c’est un secteur en pleine expansion.;aucune;Chiffre de 2014 périmé et incohérent avec la part de 11 % , « plus de 5 % depuis 2010 » (cumulé ou annuel ?) est ambigu.;
67e2c85e5c55bbc58cc3080a;la-chaussure-un-secteur-incontournable-du-e-commerce-dynamise-avec-packshotcreator;toutes;Grâce aux solutions proposées par Orbitvu , il est possible de créer en moins de cinq minutes des visuels professionnels;vidéo YouTube YI1ym88wuBk (démonstration);Promesse de délai (moins de cinq minutes), répétée dans le corps et la FAQ, et attribuée tantôt à Orbitvu, tantôt à PackshotCreator.;
67e2c85e5c55bbc58cc3080a;la-chaussure-un-secteur-incontournable-du-e-commerce-dynamise-avec-packshotcreator;toutes;Le logiciel associé permet également de détourer automatiquement les produits en quelques secondes.;aucune;Promesse de délai.;EN « automatically divert products » : le claim devient incompréhensible.
67e2c85e5c55bbc58cc3080a;la-chaussure-un-secteur-incontournable-du-e-commerce-dynamise-avec-packshotcreator;toutes;C’est pour cette raison que les solutions de photographie automatisée proposées par Orbitvu s’imposent aujourd’hui comme un outil clé dans la stratégie de contenu des marques de chaussures.;lien interne /fr/besoins-photographie-produit;Affirmation de position de marché non étayée.;
67e2c85e5c55bbc58cc3080a;la-chaussure-un-secteur-incontournable-du-e-commerce-dynamise-avec-packshotcreator;toutes;Un seul studio permet de générer des photos 2D haute définition, des présentations multi-angles, des vues 360° interactives ou encore des animations 3D exploitables sur site web, mobile ou réseaux sociaux.;aucune;Capacités produit (animations 3D depuis un seul studio) à confirmer selon le modèle.;EN : doublon « multi-angle presentations ».
67e2c85e5c55bbc58cc3080a;la-chaussure-un-secteur-incontournable-du-e-commerce-dynamise-avec-packshotcreator;toutes;La fidélité visuelle est assurée par une maîtrise complète de l’environnement de prise de vue. Les sources lumineuses LED sont calibrées, la température de couleur est constante et les réglages sont reproductibles.;aucune;Promesse technique (calibrage, température constante) à valider sur la fiche produit.;
67d05174a21e0a8b35feb47e;joailliers-nos-conseils-pour-reussir-vos-visuels-produits;toutes;Aujourd’hui, nous réalisons facilement plus de 100 photos par jour;vidéo YouTube c-U75lcjtTY et lien https://gaddiamonds.com/home/;Citation client chiffrée, à rapprocher de la vidéo (fidélité de la traduction FR, autorisation).;
67d05174a21e0a8b35feb47e;joailliers-nos-conseils-pour-reussir-vos-visuels-produits;toutes;Le retour sur investissement depuis l'acquisition de l’Alphashot Micro est absolument exceptionnel.;vidéo YouTube c-U75lcjtTY;Superlatif de ROI dans une citation, à vérifier mot pour mot.;
67d05174a21e0a8b35feb47e;joailliers-nos-conseils-pour-reussir-vos-visuels-produits;toutes;L'Alphashot Micro V2 peut capturer jusqu'à 200 images à différents plans focaux avec des incréments micrométriques (aussi précis que 10 microns);aucune;Spécifications techniques de la FAQ, absentes du corps.;
67d05174a21e0a8b35feb47e;joailliers-nos-conseils-pour-reussir-vos-visuels-produits;toutes;un niveau de détail impossible à obtenir avec des méthodes conventionnelles;aucune;Absolu (FAQ).;
67d05174a21e0a8b35feb47e;joailliers-nos-conseils-pour-reussir-vos-visuels-produits;toutes;Comment la technologie Hyperfocus révolutionne-t-elle la netteté des images en joaillerie ?;aucune;Superlatif (« révolutionne », « évolution majeure ») sur une appellation non stabilisée.;
67d05174a21e0a8b35feb47e;joailliers-nos-conseils-pour-reussir-vos-visuels-produits;toutes;un éclairage précis et modulable qui contrôle parfaitement les reflets et les éclats;aucune;Absolu « parfaitement ».;
67d05174a21e0a8b35feb47e;joailliers-nos-conseils-pour-reussir-vos-visuels-produits;toutes;Ces animations fluides sont parfaitement optimisées pour les plateformes e-commerce.;aucune;Absolu.;
67d05174a21e0a8b35feb47e;joailliers-nos-conseils-pour-reussir-vos-visuels-produits;fr;Maîtrisez l'art exigeant de la photographie de bijoux avec nos conseils exclusifs;aucune;« Exclusifs » est promotionnel et invérifiable (description).;
67e41233cb2c0c8643c00c89;conseils-photo-le-cadrage-et-la-composition;toutes;Photographie Produit : 6 Règles de Cadrage pour des Images Qui Convertissent;aucune;Promesse de conversion (« qui convertissent ») qu'aucune donnée du corps n'étaye , « 6 règles de cadrage » alors que la 6e section est commerciale.;EN identique : « Product Photography: 6 Framing Rules for Images That Convert ».
67e41233cb2c0c8643c00c89;conseils-photo-le-cadrage-et-la-composition;toutes;Découvrez par exemple comment une boutique en ligne peut photographier ses chaussures avec un studio photo interne pour garantir un rendu homogène , cohérent et percutant .;aucune (pas de lien);« garantir » : promesse attachée au studio interne, sans le cas client annoncé.;EN « to guarantee a result homogenous , consistent and hard-hitting » : même portée.
67d7e78b30dcc9d6507f0d00;utilisez-votre-studio-photo-pour-faire-de-la-realite-virtuelle;toutes;Dès 2014 , Packshot Creator a compris le potentiel de la photogrammétrie avec sa gamme MaestroBot , permettant la création de modèles 3D précis pour l’e-commerce et le marketing digital.;https://www.lesnumeriques.com/photo/packshotcreator-modelisation-3d-avec-maestrobot-pu113159.html;Antériorité (« Dès 2014 ») et statut de « pionnier » (intertitre) : le lien Les Numériques étaye l'existence de MaestroBot, à vérifier pour la date.;EN « Dès 2014 » non traduit , même claim de pionnier.
67d7e78b30dcc9d6507f0d00;utilisez-votre-studio-photo-pour-faire-de-la-realite-virtuelle;toutes;Pour garantir une numérisation précise, omi.so s’appuie sur PackshotCreator et ses outils de photogrammétrie avancés.;aucune;Partenariat technique affirmé sans source , à confirmer et à dater (est-ce toujours le cas ?).;
67d7e78b30dcc9d6507f0d00;utilisez-votre-studio-photo-pour-faire-de-la-realite-virtuelle;toutes;En seulement 3 mois , une équipe de deux personnes a réussi à photographier plus de 5 000 artefacts;https://orbitvu.com/blog/elevate-your-product-display-how-create-360o-multi-row-presentation/ (article sur le 360° multi-rangées, pas sur Pompéi) , vidéo YouTube 8uq7kD1DoEM intégrée;Chiffres du cas Pompéi (3 mois, 2 personnes, plus de 5 000 objets) à rapprocher de la source Orbitvu réelle.;Aucun (EN « more than 5,000 artifacts »).
67d7e78b30dcc9d6507f0d00;utilisez-votre-studio-photo-pour-faire-de-la-realite-virtuelle;toutes;Grâce à la photogrammétrie et à des équipements comme l’ Alphashot 360 , Fittingbox capture avec une précision extrême chaque détail des montures. Ces modèles haute résolution sont ensuite intégrés dans des expériences interactives, améliorant l’expérience d’achat en ligne et réduisant les taux de retour.;https://www.fittingbox.com/fr/essayage-virtuel/ (page commerciale Fittingbox);Fittingbox présenté comme client d'Orbitvu, utilisant l'Alphashot 360 , réduction des retours affirmée sans chiffre ni source. À confirmer avant publication.;
67d7e78b30dcc9d6507f0d00;utilisez-votre-studio-photo-pour-faire-de-la-realite-virtuelle;toutes;Ces outils garantissent un rendu homogène, indispensable pour une conversion en modèle 3D exploitable .;lien interne vers /fr/blog/eclairage-photos-produits (sans rapport);Promesse « garantissent ».;EN « These tools guarantee a homogeneous result » : identique.
67d7e78b30dcc9d6507f0d00;utilisez-votre-studio-photo-pour-faire-de-la-realite-virtuelle;toutes;Fittingbox propose aux plus grandes marques du secteur des solutions permettant aux consommateurs d’essayer des lunettes en réalité augmentée directement depuis leur écran.;https://www.fittingbox.com/fr/essayage-virtuel/;Superlatif (« les plus grandes marques »).;
67c0a4ddd4cfe665b7667381;quel-retour-sur-investissement-avec-un-studio-photo-en-interne;toutes;la réactivité face aux arrivages de nouvelles collections est décuplée, permettant une mise en marché jusqu'à 50% plus rapide.;aucune;Deux chiffres non sourcés et incohérents entre eux (« décuplée » contre « 50 % plus rapide »).;EN « is increased tenfold, allowing up to 50% faster marketing » : équivalent.
67c0a4ddd4cfe665b7667381;quel-retour-sur-investissement-avec-un-studio-photo-en-interne;fr;Le coût moyen par packshot passe de 3,4 € (studio traditionnel) à 0,48 € (studio automatisé), soit une réduction de 86%.;lien « plus vous photographiez, plus le coût par photo chute » vers http://gs-new-features-and-accelerated-content-creation/ (URL invalide);Chiffre dérivé du tableau de coûts : chaque coût unitaire impute la totalité du coût mensuel (5 060 € / 1 500 = 3,37 € pour les packshots ET 5 060 € / 300 = 16,9 € pour les animations), méthode à valider. Repose sur les prix Orbitvu retirés de l'EN.;EN réécrit le 30/06/2026 : « The average cost per packshot drops significantly … use our ROI calculator » , le FR garde 3,4 €, 0,48 € et 86 %.
67c0a4ddd4cfe665b7667381;quel-retour-sur-investissement-avec-un-studio-photo-en-interne;fr;Coût : 12.000 € à 30.000 € (environ 350 €/mois sur 5 ans);aucune;Prix publiés que le commit 3cfa2e73 a retirés de l'EN pour motif contractuel Orbitvu.;EN : « contact us for a personalized quote tailored to your production volume ».
67c0a4ddd4cfe665b7667381;quel-retour-sur-investissement-avec-un-studio-photo-en-interne;fr;Total mensuel : 2.850 €;aucune;Total dépendant du prix retiré de l'EN , « Coût par packshot : 0,48 € Coût par animation 360° : 3,6 € » idem.;EN : « significantly lower than the traditional setup » et « A markedly lower cost per packshot and per 360° animation ».
67c0a4ddd4cfe665b7667381;quel-retour-sur-investissement-avec-un-studio-photo-en-interne;toutes;Photographe expérimenté : 2.800 €/mois;aucune;Hypothèses salariales et de coût (25 m² à 750 €/mois, 4-6 m² à 150 €/mois, opérateur à 2 300 €/mois, volumes 1 500 contre 6 000 packshots par mois) non sourcées et datées.;
67c0a4ddd4cfe665b7667381;quel-retour-sur-investissement-avec-un-studio-photo-en-interne;toutes;Traitement par lots : réduit jusqu'à 70 % le temps de post-production en appliquant des modifications simultanées à plusieurs fichiers.;http://gs-new-features-and-accelerated-content-creation/ (URL invalide);Chiffre produit sans source exploitable.;
67c0a4ddd4cfe665b7667381;quel-retour-sur-investissement-avec-un-studio-photo-en-interne;toutes;Intégration avec des plateformes tierces : compatibilité avec des systèmes PIM, DAM et des plateformes e-commerce comme Shopify, Magento et PrestaShop.;aucune;Compatibilités produit à vérifier auprès d'Orbitvu.;
67c0a4ddd4cfe665b7667381;quel-retour-sur-investissement-avec-un-studio-photo-en-interne;toutes;Avec un studio interne, le délai entre la décision de lancement et la publication des visuels passe de plusieurs jours à quelques heures.;aucune;Promesse de délai non sourcée.;EN dit l'inverse par erreur (« increases from several days to a few hours »).
67c0a4ddd4cfe665b7667381;quel-retour-sur-investissement-avec-un-studio-photo-en-interne;fr;Financier : Amortissement en 12-18 mois grâce aux économies récurrentes;aucune;Délai d'amortissement non sourcé, dépendant des prix retirés de l'EN.;EN : « Rapid depreciation thanks to recurring savings » (chiffre retiré).
67c0a4ddd4cfe665b7667381;quel-retour-sur-investissement-avec-un-studio-photo-en-interne;toutes;Opérationnel : Gain de 40% de temps global sur la chaîne visuelle;aucune;Pourcentage non sourcé.;
67c0a4ddd4cfe665b7667381;quel-retour-sur-investissement-avec-un-studio-photo-en-interne;toutes;Les entreprises pionnières constatent déjà une augmentation de 15 à 30% de leur taux de conversion e-commerce après internalisation.;aucune;Statistique de conversion non sourcée.;
67c0a4ddd4cfe665b7667381;quel-retour-sur-investissement-avec-un-studio-photo-en-interne;toutes;Absolument. Les solutions Orbitvu sont conçues pour être conviviales, permettant même aux opérateurs sans expérience préalable de produire des visuels professionnels.;aucune;Promesse forte (FAQ).;
67c0a4ddd4cfe665b7667381;quel-retour-sur-investissement-avec-un-studio-photo-en-interne;toutes;Génération de variantes stylistiques alignées sur l'ADN de marque, testées A/B en temps réel;aucune;Fonctionnalité IA présentée sans préciser quel outil la fournit , à vérifier.;
67d72628fae0bf0299a83a82;pourquoi-choisir-orbitvu-photographie-packshot;toutes;Orbitvu est le plus grand fabricant de solutions automatisées pour la photographie;https://www.orbitvu.com/ (page d'accueil du fabricant, pas une source indépendante);Superlatif de taille de marché.;aucun (« Orbitvu is the largest manufacturer of automated solutions for photography »)
67d72628fae0bf0299a83a82;pourquoi-choisir-orbitvu-photographie-packshot;toutes;Fort de ses plus de 10 ans d’expérience dans le milieu;aucune;Incohérent avec « Fondée en 2004 » dans le même article , chiffre daté.;aucun
67d72628fae0bf0299a83a82;pourquoi-choisir-orbitvu-photographie-packshot;toutes;partenaire privilégié de plus de 6000 marques;aucune;Chiffre commercial non sourcé et non daté.;EN : « more than 6,000 brands », phrase dupliquée
67d72628fae0bf0299a83a82;pourquoi-choisir-orbitvu-photographie-packshot;toutes;une équipe de plus de 20 ingénieurs compétents et dévoués;aucune;Effectif non sourcé, à dater.;aucun
67d72628fae0bf0299a83a82;pourquoi-choisir-orbitvu-photographie-packshot;toutes;Orbitvu est le choix numéro un des professionnels de la photographie de produit et des marques du monde entier;aucune;Superlatif non étayé.;aucun
67d72628fae0bf0299a83a82;pourquoi-choisir-orbitvu-photographie-packshot;toutes;pour des marques telles que Bosch, Clarks, Mercedes-Benz, Seiko, Chanel ou encore Jagermeister;aucune;Références clients à confirmer (droit de citer ces marques).;EN cite Mercedes-Benz deux fois
67d72628fae0bf0299a83a82;pourquoi-choisir-orbitvu-photographie-packshot;toutes;Grâce à leur technologie brevetée;aucune;Brevet allégué non référencé.;aucun
67d72628fae0bf0299a83a82;pourquoi-choisir-orbitvu-photographie-packshot;toutes;ce qui en retour augmentera les conversions de votre site e-commerce;aucune;Promesse de hausse des conversions sans donnée.;aucun
67d72628fae0bf0299a83a82;pourquoi-choisir-orbitvu-photographie-packshot;toutes;et ce, sans un abonnement à payer tous les mois;aucune;Affirmation sur le modèle de licence d'Orbitvu Station (absence d'abonnement) à vérifier, l'offre ayant pu changer.;aucun
67d72628fae0bf0299a83a82;pourquoi-choisir-orbitvu-photographie-packshot;toutes;Vous vous garantirez au passage une homogénéité parfaite entre toutes vos photos, passées et à venir !;aucune;Promesse absolue (« garantie », « parfaite ») et logiquement intenable pour les photos « passées ». L'intertitre parle aussi d'une homogénéité « garanties ».;aucun
67d72628fae0bf0299a83a82;pourquoi-choisir-orbitvu-photographie-packshot;toutes;Le système de 74 panneaux lumineux contrôlables garantit une qualité professionnelle constante;aucune;Spécification technique sans modèle précisé , promesse « garantit ».;EN « ensures » : équivalent
67d72628fae0bf0299a83a82;pourquoi-choisir-orbitvu-photographie-packshot;toutes;L'assistant photo IA d'Orbitvu identifie automatiquement le produit et optimise l'éclairage en conséquence.;aucune;Fonctionnalité à confirmer (nom et version du logiciel).;aucun
67d72628fae0bf0299a83a82;pourquoi-choisir-orbitvu-photographie-packshot;toutes;L’un des principaux inconvénients de ces systèmes réside dans leur éclairage fixe, similaire aux anciennes séries Ortery.;aucune;Affirmations comparatives sur des concurrents nommés (Scancube, Ortery, StyleShoots, PhotoRobot) : risque juridique (publicité comparative), à vérifier.;aucun
67d72628fae0bf0299a83a82;pourquoi-choisir-orbitvu-photographie-packshot;toutes;PackshotCreator n’est plus une alternative à Orbitvu puisqu’il est désormais le distributeur officiel des solutions Orbitvu en France et en Europe francophone.;aucune;Fait daté sur le statut commercial, à valider par la direction.;aucun
67d72628fae0bf0299a83a82;pourquoi-choisir-orbitvu-photographie-packshot;toutes;Grâce à Orbitvu, optimisez votre flux de travail et boostez votre productivité comme jamais !;aucune;Superlatif promotionnel.;aucun
67d72628fae0bf0299a83a82;pourquoi-choisir-orbitvu-photographie-packshot;en;but it can quickly represent a certain cost;aucune;Claim affaibli par la traduction : l'idée d'un coût élevé est perdue.;FR « un coût certain » (coût élevé), EN « a certain cost » (coût indéterminé)
670e2117666e7e6003d78ca4;boostez-votre-taux-de-conversion-grace-aux-visuels-produits-4-erreurs-a-eviter;fr;Les photos représentent le premier facteur d’incitation à l’achat pour les consommateurs en ligne, suivies par les détails techniques et les descriptions des produits, puis par les avis clients en ligne.;aucune (seule une vidéo YouTube intégrée suit la phrase, non vérifiée);Classement présenté comme un fait, sans étude ni date.;
670e2117666e7e6003d78ca4;boostez-votre-taux-de-conversion-grace-aux-visuels-produits-4-erreurs-a-eviter;fr;l'absence de visuels produits et les photos de mauvaise qualité montent sur le podium des 3 premiers facteurs dissuadant les internautes d'acheter sur un site e-commerce;aucune;Classement non sourcé.;
670e2117666e7e6003d78ca4;boostez-votre-taux-de-conversion-grace-aux-visuels-produits-4-erreurs-a-eviter;fr;Et vous limiterez alors le nombre de vos retours produits et de vos clients mécontents.;aucune;Promesse de baisse des retours, non chiffrée et non sourcée (acceptable si elle reste au conditionnel).;
670e211624fea45848bd1198;les-visuels-au-service-du-referencement-de-votre-e-commerce;fr;Et n’oubliez pas qu’une image sans nom n’a aucune valeur aux yeux de Google.;aucune;Affirmation absolue et non sourcée, simplification excessive d'un critère SEO.;
670e211624fea45848bd1198;les-visuels-au-service-du-referencement-de-votre-e-commerce;fr;il existe des méthodes efficaces pour optimiser le référencement de votre contenu (textes et images);aucune;Généralité de 2017, sans source.;
670e211624fea45848bd1198;les-visuels-au-service-du-referencement-de-votre-e-commerce;fr;sachez qu'avec un studio photo interne vous y parviendrez aisément;lien vers /fr (page d'accueil);Promesse de facilité non étayée.;
670e2152628a48b5e338a2b6;oscaro-com-reduit-ses-retours-darticles-commandes-en-ligne-grace-aux-visuels-a-360deg;fr;Oscaro.com, n°1 des pièces auto neuves et d’origine sur internet;aucune;Classement de marché tiers, non sourcé et daté de 2013, présenté au présent.;
670e2152628a48b5e338a2b6;oscaro-com-reduit-ses-retours-darticles-commandes-en-ligne-grace-aux-visuels-a-360deg;fr;comment le leader des pièces auto en ligne réduit ses retours produits;aucune;La description, modifiée après l'import, reprend « leader » au présent.;
670e2152628a48b5e338a2b6;oscaro-com-reduit-ses-retours-darticles-commandes-en-ligne-grace-aux-visuels-a-360deg;fr;nous avons constaté non seulement une baisse du taux de retours mais également une augmentation des ventes;aucune (témoignage);Résultat non chiffré, alors que le titre en fait un fait établi (« réduit ses retours »).;
670e2152628a48b5e338a2b6;oscaro-com-reduit-ses-retours-darticles-commandes-en-ligne-grace-aux-visuels-a-360deg;fr;un plateau Packshot Spin O6T qui permet de supporter des objets pesant jusqu’à 120 kg;lien /fr/studio-photo/selecteur-machines;Caractéristique et dénomination d'un matériel historique à vérifier (O6T ou 06T ?), ainsi que sa disponibilité actuelle.;
670e2152628a48b5e338a2b6;oscaro-com-reduit-ses-retours-darticles-commandes-en-ligne-grace-aux-visuels-a-360deg;fr;par plus de 4000 LEDs;aucune;Caractéristique du Packshot Creator R3, matériel ancien, à vérifier.;
670e2152628a48b5e338a2b6;oscaro-com-reduit-ses-retours-darticles-commandes-en-ligne-grace-aux-visuels-a-360deg;fr;Internaliser la création de visuels a d’abord permis de gagner en qualité, avec un processus optimisé offrant plus de productivité et d’efficacité.;lien /fr/blog/est-il-utile-dinternaliser-sa-production-de-photos-packshot;Bénéfice non quantifié.;
670e211b09a3adf2bf60f98c;promod-revolutionne-ses-shootings-photos-de-mode;fr;compte aujourd’hui près de 25 millions de clients par an;aucune;Chiffre sur un tiers (Promod), non sourcé, daté par « aujourd’hui ».;
670e211b09a3adf2bf60f98c;promod-revolutionne-ses-shootings-photos-de-mode;fr;plus de 1000 magasins dans le monde;aucune;Chiffre sur un tiers, non sourcé, susceptible d'avoir changé.;
670e211b09a3adf2bf60f98c;promod-revolutionne-ses-shootings-photos-de-mode;fr;nous réalisons aujourd’hui des photos d'articles de mode pour nos vêtements et accessoires sur mannequin , sous tous les angles, en un temps record.;aucune (citation client);Témoignage : vérifier que l'autorisation de citation et la fonction de la personne (« Marine Delestrain, Chargée de contenu web ») sont toujours valables.;
670e211b09a3adf2bf60f98c;promod-revolutionne-ses-shootings-photos-de-mode;fr;PackshotCreator accompagne depuis 15 ans les acteurs de la mode;aucune;Ancienneté non datée , varie selon la date de rédaction.;
670e211b09a3adf2bf60f98c;promod-revolutionne-ses-shootings-photos-de-mode;fr;Promod révolutionne ses shootings photos de mode;aucune;Titre hyperbolique (« révolutionne »).;
670e211c74e43240fd95e4ac;revolution-e-commerce-les-animations-3d-spheriques-de-produits-pour-le-sport;fr;Une récente étude réalisée en Europe auprès des clients de Packshot Creator montre que près de 60% de ceux utilisant des animations enrichies ont amélioré l’expérience utilisateur. Dans 64% des cas cela se traduit par une hausse de leur chiffre d’affaires. Dans 55%, cela se traduit également par une baisse des retours produits (déception, changement d’avis…).;aucune (étude non citée, non datée, échantillon inconnu);Statistiques internes non sourcées , « récente » daté , base de calcul ambiguë (64 % de l'ensemble ou des 60 % ?).;Description : « 60% d'UX améliorée, 64% de CA en hausse et 55% de retours en moins » (renforcement, voir erreurs).
670e211c74e43240fd95e4ac;revolution-e-commerce-les-animations-3d-spheriques-de-produits-pour-le-sport;fr;L’expérience en ligne via les animations 3D sphériques est incomparable pour un internaute.;aucune;Superlatif.;
670e211c74e43240fd95e4ac;revolution-e-commerce-les-animations-3d-spheriques-de-produits-pour-le-sport;fr;De la photo fixe à l'animation 3D, ils s'adressent à tous les budgets .;aucune;Promesse générale (« tous les budgets »).;
670e211c74e43240fd95e4ac;revolution-e-commerce-les-animations-3d-spheriques-de-produits-pour-le-sport;fr;de nombreux sites web e-commerce choisissent les studios photos 3D Packshot Creator .;aucune;Affirmation de notoriété non étayée.;
670e211c74e43240fd95e4ac;revolution-e-commerce-les-animations-3d-spheriques-de-produits-pour-le-sport;fr;SportOkay.com a lancé cet automne un nouveau site de sport en ligne à la gamme illimitée.;aucune;Fait daté relatif et hyperbole , existence actuelle du site et de l'équipement (deux PackshotSphere X5) à confirmer.;
