URL_PATH;LANGUE;SLUG;ID_FAMILLE;PERIMETRE;LANGUES_DE_LA_FAMILLE;ORIGINE_DANS_LE_DEPOT;CREATION_ITEM_WEBFLOW_OBJECTID;DATE_AFFICHEE;DATE_MODIFIEE;HTTP_ORIGINE_SYSNEXT_01_10;ROBOTS_SERVI;DANS_SITEMAP;TITLE_JSON;H1;META_TITLE;TITLE_SERVI;DESCRIPTION;CATEGORIE;AUTEUR;MOTS;NB_FAQ;CHAMPS_MODIFIES_DEPUIS_IMPORT;SIMILARITE_TEXTE_IMPORT;NB_COMMITS;QUALITE_RELECTURE;NB_ERREURS_ESTIME;ANOMALIES_AUTOMATIQUES;GSC_CLICS_90J;GSC_IMPRESSIONS_90J;GSC_POSITION_90J;GSC_CLICS_365J_URL_ACTUELLE;GSC_CLICS_365J_URL_HERITEES;GSC_IMPRESSIONS_365J_TOTAL;PR_OUVERTE
/fr/blog/les-visuels-au-service-du-referencement-de-votre-e-commerce;fr;les-visuels-au-service-du-referencement-de-votre-e-commerce;670e211624fea45848bd1198;WEBFLOW_HERITE;fr/en;56d4bc32 2026-04-18 feat(content): 158 articles+guides extraits de Webflow;2024-10-15 08:00;2017-09-06;;200;index (par défaut);oui;Les visuels au service du référencement de votre e-commerce;Les visuels au service du référencement de votre e-commerce;Les visuels au service du référencement de votre e-commerce;Les visuels au service du référencement de votre e-commerce;5 bonnes pratiques SEO pour optimiser vos visuels produits : nommage des fichiers, attribut ALT, réduction du poids et mise à jour régulière du contenu.;E-commerce;PackshotCreator;195;0;description, imageSource, author, content;1.0;5;D;9;titlecase_intertitre=1;0;0;;0;0;0;
/fr/blog/boostez-votre-taux-de-conversion-grace-aux-visuels-produits-4-erreurs-a-eviter;fr;boostez-votre-taux-de-conversion-grace-aux-visuels-produits-4-erreurs-a-eviter;670e2117666e7e6003d78ca4;WEBFLOW_HERITE;fr/en;56d4bc32 2026-04-18 feat(content): 158 articles+guides extraits de Webflow;2024-10-15 08:00;2017-09-17;;200;index (par défaut);oui;Boostez votre taux de conversion grâce aux visuels produits : 4 erreurs à éviter;Boostez votre taux de conversion grâce aux visuels;4 erreurs à éviter pour booster votre taux de conversion;4 erreurs à éviter pour booster votre taux de conversion;Découvrez les 4 erreurs visuelles qui nuisent à vos ventes en ligne : absence de charte, poids des images, photos non conformes et fiches produits incomplètes.;E-commerce;PackshotCreator;565;0;description, imageSource, author, content;1.0;6;B;15;artefact_embed=1;0;6;19.5;0;0;95;
/fr/blog/promod-revolutionne-ses-shootings-photos-de-mode;fr;promod-revolutionne-ses-shootings-photos-de-mode;670e211b09a3adf2bf60f98c;WEBFLOW_HERITE;fr/en;56d4bc32 2026-04-18 feat(content): 158 articles+guides extraits de Webflow;2024-10-15 08:00;2025-12-30;;200;index (par défaut);oui;Promod révolutionne ses shootings photos de mode;Promod révolutionne ses shootings photos de mode;;Promod révolutionne ses shootings photos de mode;Cas client Promod : internalisation des shootings mode avec le plateau tournant 360° PackshotSpin pour gagner en productivité et réactivité e-commerce.;;;384;0;description, content;0.975;4;C;15;"alt_langue=1 ; nom:PackshotCreator remplace LW=1 ; metaTitle_absent=1";0;3;57.0;1;0;18;#27 maillage Q3 (liens article → offre, non fusionnée)
/fr/blog/revolution-e-commerce-les-animations-3d-spheriques-de-produits-pour-le-sport;fr;revolution-e-commerce-les-animations-3d-spheriques-de-produits-pour-le-sport;670e211c74e43240fd95e4ac;WEBFLOW_HERITE;fr/en;56d4bc32 2026-04-18 feat(content): 158 articles+guides extraits de Webflow;2024-10-15 08:00;2025-12-30;;200;index (par défaut);oui;Révolution e-commerce : les animations 3D sphériques de produits pour le sport;Révolution e-commerce : les animations 3D sphériques de produits pour le sport;;Révolution e-commerce : les animations 3D sphériques de produits pour le sport;SportOkay.com booste ses ventes avec les animations 3D sphériques PackshotSphere : 60% d'UX améliorée, 64% de CA en hausse et 55% de retours en moins.;;;361;0;description, content;1.0;4;C;16;"alt_vide=1 ; nom:PackshotCreator remplace LW=1 ; metaTitle_absent=1";0;4;5.0;0;0;15;
/fr/blog/oscaro-com-reduit-ses-retours-darticles-commandes-en-ligne-grace-aux-visuels-a-360deg;fr;oscaro-com-reduit-ses-retours-darticles-commandes-en-ligne-grace-aux-visuels-a-360deg;670e2152628a48b5e338a2b6;WEBFLOW_HERITE;fr/en;56d4bc32 2026-04-18 feat(content): 158 articles+guides extraits de Webflow;2024-10-15 08:01;2025-12-30;;200;index (par défaut);oui;Oscaro.com réduit ses retours d’articles commandés en ligne grâce aux visuels à 360°;Oscaro.com réduit ses retours d’articles commandés en ligne grâce aux visuels à 360°;;Oscaro.com réduit ses retours d’articles commandés en ligne grâce aux visuels à 360°;Cas client Oscaro.com : comment le leader des pièces auto en ligne réduit ses retours produits grâce aux animations 360° PackshotCreator multi-angles.;;;362;0;description, content;1.0;5;C;15;metaTitle_absent=1;0;319;8.2;0;0;331;
/fr/blog/comment-avoir-meilleure-photo-produit-e-commerce;fr;comment-avoir-meilleure-photo-produit-e-commerce;670e262cabb4626493da23e4;WEBFLOW_HERITE;fr/en;56d4bc32 2026-04-18 feat(content): 158 articles+guides extraits de Webflow;2024-10-15 08:22;2024-03-06;;200;index (par défaut);oui;Les 10 astuces infaillibles pour créer une photo de produit vendeuse !;Photo produit e-commerce : les 10 astuces infaillibles;Photo produit e-commerce : 10 astuces pour une photo efficace !;Photo produit e-commerce : 10 astuces pour une photo efficace !;Découvrez nos 10 astuces pour créer une meilleure photo produit e-commerce. Optimisez votre catalogue et boostez vos ventes en ligne !;E-commerce;PackshotCreator;1703;5;imageSource, author, content;1.0;5;B;13;"alt_nom_fichier=1 ; alt_wf_reserved=1";5;4327;16.8;9;38;18936;
/en/blog/how-to-e-commerce-product-photography;en;how-to-e-commerce-product-photography;670e262cabb4626493da23e4;WEBFLOW_HERITE;fr/en;56d4bc32 2026-04-18 feat(content): 158 articles+guides extraits de Webflow;2024-10-15 08:22;2024-03-06;;200;index (par défaut);oui;E-commerce product photography: 10 foolproof tips for creating a great-selling product photo!;E-commerce product photography: 10 foolproof tips;E-commerce product photo: 10 tips for an effective photo!;E-commerce product photo: 10 tips for an effective photo!;10 foolproof e-commerce product photography tips for creating the best-selling e-commerce product photo and boosting your online sales!;E-commerce;PackshotCreator;1559;5;imageSource, author, content;1.0;5;D;45;"alt_nom_fichier=1 ; alt_wf_reserved=1";2;3140;60.0;102;0;51332;
/fr/blog/avantage-du-e-commerce-pour-les-entreprises;fr;avantage-du-e-commerce-pour-les-entreprises;670e262d9f7bb2b0d5f7c85f;WEBFLOW_HERITE;fr/en;56d4bc32 2026-04-18 feat(content): 158 articles+guides extraits de Webflow;2024-10-15 08:22;2024-04-24;;200;index (par défaut);oui;Maximisez votre potentiel : les avantages cruciaux du e-commerce pour les entreprises;Photographie produit e-commerce : clé de la conversion;E-commerce : Pourquoi la photographie produit est devenue un levier stratégique;E-commerce : Pourquoi la photographie produit est devenue un levier stratégique;Boostez vos ventes avec des visuels impactants. Découvrez pourquoi la photographie produit est essentielle pour réussir en e-commerce.;E-commerce;PackshotCreator;1828;5;imageSource, author, content;1.0;4;C;22;"alt_nom_fichier=4 ; majuscule_apres_deux_points=1 ; metaTitle_long=1";0;1139;18.9;1;70;17653;
/en/blog/potential-advantages-e-commerce-businesses;en;potential-advantages-e-commerce-businesses;670e262d9f7bb2b0d5f7c85f;WEBFLOW_HERITE;fr/en;56d4bc32 2026-04-18 feat(content): 158 articles+guides extraits de Webflow;2024-10-15 08:22;2024-04-24;;200;index (par défaut);oui;Maximize your potential: the crucial advantages of e-commerce for businesses;E-commerce Product Photography: Key to Conversions;E-commerce: Why Product Photography Is a Strategic Growth Driver;E-commerce: Why Product Photography Is a Strategic Growth Driver;Increase your sales with high-quality product photography. Learn how great visuals enhance trust and drive more conversions in e-commerce.;E-commerce;PackshotCreator;1699;5;imageSource, author, content;1.0;4;D;130;"alt_nom_fichier=4 ; alt_langue=1 ; typo_espace_avant_ponctuation_en=1";1;550;17.1;5;0;3757;
/fr/blog/acheter-studio-photo-packshot-occasion;fr;acheter-studio-photo-packshot-occasion;670e28fcde56f7d5d41154d8;WEBFLOW_HERITE;fr/en;56d4bc32 2026-04-18 feat(content): 158 articles+guides extraits de Webflow;2024-10-15 08:34;2025-02-22;;200;index (par défaut);oui;Faut-il acheter son studio photo packshot d’occasion ?;Studios photo packshot : pourquoi éviter l'occasion en 2025;Studios Photo Packshot 2025 : Pourquoi éviter Le Bon Coin et investir dans les technologies modernes;Studios Photo Packshot 2025 : Pourquoi éviter Le Bon Coin et investir dans les technologies modernes;Découvrez pourquoi les studios photo packshot d'occasion sur Le Bon Coin peuvent être un piège coûteux. Comparez les technologies obsolètes aux solutions modernes avec IA, détourage automatique et compatibilité garantie. Guide essentiel pour un investissement rentable en photographie de produits.;Produits;PackshotCreator;1193;5;imageSource, author;1.0;3;C;16;"alt_nom_fichier=1 ; titlecase_meta=1 ; nom:AlphaShot/ALPHASHOT=1 ; metaTitle_long=1 ; description_longue=1";4;406;21.6;9;29;2985;
/en/blog/second-hand-packshot-photo-studio;en;second-hand-packshot-photo-studio;670e28fcde56f7d5d41154d8;WEBFLOW_HERITE;fr/en;56d4bc32 2026-04-18 feat(content): 158 articles+guides extraits de Webflow;2024-10-15 08:34;2025-02-22;;200;index (par défaut);oui;Should I buy a second-hand Packshot photo studio?;Should I buy a second-hand Packshot photo studio?;Should I buy a second-hand Packshot photo studio?;Should I buy a second-hand Packshot photo studio?;What factors should be taken into consideration when investing in a second-hand packshot photo studio? Let's see the key elements.;Products;PackshotCreator;918;5;imageSource, author, content;0.997;4;D;40;"alt_langue=1 ; nom:AlphaShot/ALPHASHOT=1 ; nom:PackshotCreator remplace LW=1";0;232;30.6;16;0;1926;
/fr/blog/photographie-3d-de-produits-une-serie-complete-dequipement-avec-logiciel-integre;fr;photographie-3d-de-produits-une-serie-complete-dequipement-avec-logiciel-integre;670e28fe74e43240fd9cff6b;WEBFLOW_HERITE;fr/en;56d4bc32 2026-04-18 feat(content): 158 articles+guides extraits de Webflow;2024-10-15 08:34;2024-10-15;;200;index (par défaut);oui;Photographie 3D de produits : une série complète d'équipement avec logiciel intégré;Photographie 3D de produits : une série complète d'équipement avec logiciel intégré;;Photographie 3D de produits : une série complète d'équipement avec logiciel intégré;Solutions complètes de photographie 3D : PackshotSphere X5, MacroSphere et animations sphériques HTML5 interactives pour booster vos conversions e-commerce.;;;1143;0;description, content;0.999;5;C;26;metaTitle_absent=1;0;0;;0;0;0;
/en/blog/photographie-3d-de-produits-une-serie-complete-dequipement-avec-logiciel-integre;en;photographie-3d-de-produits-une-serie-complete-dequipement-avec-logiciel-integre;670e28fe74e43240fd9cff6b;WEBFLOW_HERITE;fr/en;56d4bc32 2026-04-18 feat(content): 158 articles+guides extraits de Webflow;2024-10-15 08:34;2024-11-08;;200;noindex, follow;non;Photographie 3D de produits : une série complète d'équipement avec logiciel intégré;Photographie 3D de produits : une série complète d'équipement avec logiciel intégré;;Photographie 3D de produits : une série complète d'équipement avec logiciel intégré;Complete 3D product photography solutions: PackshotSphere X5, MacroSphere and interactive HTML5 spherical animations to boost your e-commerce conversions.;;;1143;0;description, content;0.999;5;X;2;"melange_langue=29 ; meta_langue=2 ; alt_langue=8 ; typo_espace_avant_ponctuation_en=1 ; metaTitle_absent=1";0;0;;0;0;0;
/fr/blog/photographie-2d-de-produits;fr;photographie-2d-de-produits;670e28fe822e237fb9d638e4;WEBFLOW_HERITE;fr/en;56d4bc32 2026-04-18 feat(content): 158 articles+guides extraits de Webflow;2024-10-15 08:34;2024-10-15;;200;index (par défaut);oui;Photographie 2D de produits;Photographie 2D de produits;;Photographie 2D de produits;Studios photo 2D automatisés PackshotCreator avec éclairage LED réglable, fond blanc pur sans détourage, Hyperfocus et logiciel de contrôle intégré.;;;1110;0;description, content;1.0;3;C;28;"titlecase_intertitre=1 ; nombre_format_en_dans_fr=1 ; artefact_embed=1 ; metaTitle_absent=1";0;5;3.4;0;0;5;#70 metaTitle Ubersuggest (non fusionnée)
/en/blog/photographie-2d-de-produits;en;photographie-2d-de-produits;670e28fe822e237fb9d638e4;WEBFLOW_HERITE;fr/en;56d4bc32 2026-04-18 feat(content): 158 articles+guides extraits de Webflow;2024-10-15 08:34;2024-11-08;;200;noindex, follow;non;Photographie 2D de produits;Photographie 2D de produits;;Photographie 2D de produits;Automated 2D product photo studios by PackshotCreator: adjustable LED lighting, white background without cutout, Hyperfocus and integrated control software.;;;1110;0;description, content;1.0;3;X;4;"melange_langue=32 ; alt_langue=5 ; typo_espace_avant_ponctuation_en=1 ; nombre_format_fr_dans_en=1 ; artefact_embed=1 ; metaTitle_absent=1";0;0;;0;0;0;
/fr/blog/photographie-de-produits-a-360-degres-en-interne;fr;photographie-de-produits-a-360-degres-en-interne;670e28feaee9d0fd336c0802;WEBFLOW_HERITE;fr/en;56d4bc32 2026-04-18 feat(content): 158 articles+guides extraits de Webflow;2024-10-15 08:34;2024-10-15;;200;index (par défaut);oui;Photographie de produits à 360 degrés en interne;Photographie de produits à 360 degrés en interne;;Photographie de produits à 360 degrés en interne;Studios photo 360° avec plateaux tournants et éclairage LED intégré : solutions spécialisées bijoux, mannequins et logiciel d'automatisation PackshotCreator.;;;1189;0;description, content;1.0;3;C;21;"alt_vide=2 ; titlecase_intertitre=1 ; nom:PackshotCreator remplace LW=1 ; metaTitle_absent=1";1;80;12.2;1;0;80;#27 maillage Q3 (liens article → offre, non fusionnée)
/en/blog/photographie-de-produits-a-360-degres-en-interne;en;photographie-de-produits-a-360-degres-en-interne;670e28feaee9d0fd336c0802;WEBFLOW_HERITE;fr/en;56d4bc32 2026-04-18 feat(content): 158 articles+guides extraits de Webflow;2024-10-15 08:34;2024-11-08;;200;noindex, follow;non;Photographie de produits à 360 degrés en interne;Photographie de produits à 360 degrés en interne;;Photographie de produits à 360 degrés en interne;360° photo studios with turntables and integrated LED lighting: specialized solutions for jewelry, mannequins and PackshotCreator automation software.;;;1189;0;description, content;1.0;4;X;1;"melange_langue=32 ; alt_vide=2 ; alt_langue=8 ; typo_espace_avant_ponctuation_en=1 ; nom:PackshotCreator remplace LW=1 ; metaTitle_absent=1";0;0;;0;0;0;
/fr/blog/comment-ia-revolutionne-production-visuelle;fr;comment-ia-revolutionne-production-visuelle;6763e5818a8e9d9d2f72fbb4;WEBFLOW_HERITE;fr/en;56d4bc32 2026-04-18 feat(content): 158 articles+guides extraits de Webflow;2024-12-19 09:21;2024-12-18;;200;index (par défaut);oui;Comment l'IA révolutionne la production visuelle : Quand l'IA et l'Humain travaillent ensemble;Comment l'IA révolutionne la production visuelle;Comment l'IA révolutionne la production visuelle : Quand l'IA et l'Humain travaillent ensemble;Comment l'IA révolutionne la production visuelle : Quand l'IA et l'Humain travaillent ensemble;Découvrez comment l'IA facilite le travail humain dans la production visuelle.;Innovations;PackshotCreator;1969;5;imageSource, author, content;1.0;5;C;34;"alt_wf_reserved=1 ; titlecase_meta=2 ; titlecase_intertitre=1 ; nom:ShotFlow=1 ; paragraphe_double=1 ; metaTitle_long=1";1;500;23.2;4;23;2608;
/en/blog/how-ai-revolutionizing-visual-production;en;how-ai-revolutionizing-visual-production;6763e5818a8e9d9d2f72fbb4;WEBFLOW_HERITE;fr/en;56d4bc32 2026-04-18 feat(content): 158 articles+guides extraits de Webflow;2024-12-19 09:21;2024-12-18;;200;index (par défaut);oui;How AI is revolutionizing visual production: When AI and humans work together;How AI is revolutionizing visual production;How AI is revolutionizing visual production: When AI and humans work together;How AI is revolutionizing visual production: When AI and humans work together;Learn how AI makes human work easier in visual production.;Innovations;PackshotCreator;1630;5;imageSource, author, content;1.0;5;D;42;"alt_wf_reserved=1 ; typo_espace_avant_ponctuation_en=1 ; nom:ShotFlow=1 ; paragraphe_double=1 ; metaTitle_long=1 ; description_courte=1";0;472;12.6;34;0;9777;
/fr/blog/comment-shotflow-permet-optimiser-production-contenu;fr;comment-shotflow-permet-optimiser-production-contenu;67b8959c4d678ec508643837;WEBFLOW_HERITE;fr/en;56d4bc32 2026-04-18 feat(content): 158 articles+guides extraits de Webflow;2025-02-21 15:02;2025-01-15;;200;index (par défaut);oui;Comment ShotFlow permet d'optimiser la production de contenu;ShotFlow : Révolution de la Production Visuelle;Comment ShotFlow Révolutionne la Production Visuelle : Automatisation et Optimisation à Grande Échelle;Comment ShotFlow Révolutionne la Production Visuelle : Automatisation et Optimisation à Grande Échelle;Découvrez comment ShotFlow transforme la production visuelle avec une automatisation complète des métadonnées et un suivi en temps réel. Un studio traite 1,8M d'images/an avec 35% de capacité en plus sans coûts supplémentaires. Cas client e-commerce prouvé.;Innovations;PackshotCreator;1041;5;imageSource, author;1.0;3;C;18;"titlecase_meta=2 ; titlecase_intertitre=3 ; nom:ShotFlow=1 ; metaTitle_long=1 ; description_longue=1";2;20;6.6;2;1;53;
/en/blog/how-shotflow-helps-optimize-content-production;en;how-shotflow-helps-optimize-content-production;67b8959c4d678ec508643837;WEBFLOW_HERITE;fr/en;56d4bc32 2026-04-18 feat(content): 158 articles+guides extraits de Webflow;2025-02-21 15:02;2025-01-15;;200;index (par défaut);oui;How ShotFlow optimizes content production;ShotFlow: Revolution in Visual Production;How ShotFlow Accelerates Content Production;How ShotFlow Accelerates Content Production;Learn how ShotFlow is transforming visual production with full metadata automation and real-time tracking. A studio processes 1.8M images/year with 35% more capacity without additional costs. Proven e-commerce customer case.;Innovations;PackshotCreator;846;5;imageSource, author, content;1.0;4;C;28;"alt_langue=2 ; nom:ShotFlow=1 ; description_longue=1";0;48;12.0;0;0;258;
/fr/blog/comment-shotflow-ameliore-suivi-taches-en-temps-reel;fr;comment-shotflow-ameliore-suivi-taches-en-temps-reel;67b8986bd6b3f4b432156878;WEBFLOW_HERITE;fr/en;56d4bc32 2026-04-18 feat(content): 158 articles+guides extraits de Webflow;2025-02-21 15:14;2025-01-23;;200;index (par défaut);oui;Comment ShotFlow améliore le suivi des tâches en temps réel;Comment ShotFlow transforme le suivi de production en temps;ShotFlow : Optimisez votre suivi de production en temps réel | -50% de délais;ShotFlow : Optimisez votre suivi de production en temps réel | -50% de délais;Découvrez comment ShotFlow transforme la gestion de contenu grâce au suivi en temps réel. Réduisez vos délais de 50%, améliorez la collaboration et diminuez les coûts. Témoignages et études de cas à l'appui.;Innovations;PackshotCreator;1058;5;imageSource, author;1.0;3;C;14;"majuscule_apres_deux_points=1 ; nom:ShotFlow=1 ; metaTitle_long=1 ; description_longue=1";0;3;3.7;0;0;19;
/en/blog/how-shotflow-improves-real-time-task-tracking;en;how-shotflow-improves-real-time-task-tracking;67b8986bd6b3f4b432156878;WEBFLOW_HERITE;fr/en;56d4bc32 2026-04-18 feat(content): 158 articles+guides extraits de Webflow;2025-02-21 15:14;2025-01-23;;200;index (par défaut);oui;How ShotFlow improves real-time task tracking;How ShotFlow transforms production monitoring into time;ShotFlow: Optimize your production monitoring in real time | -50% delay;ShotFlow: Optimize your production monitoring in real time | -50% delay;Learn how ShotFlow is transforming content management with real-time tracking. Reduce your deadlines by 50%, improve collaboration, and reduce costs. Supporting testimonies and case studies;Innovations;PackshotCreator;841;5;imageSource, author;1.0;3;C;18;"nom:ShotFlow=1 ; metaTitle_long=1 ; description_longue=1";1;159;24.5;2;0;603;
/fr/blog/votre-studio-photo-interne-3-bonnes-pratiques-pour-lorganiser;fr;votre-studio-photo-interne-3-bonnes-pratiques-pour-lorganiser;67bd9c4543007488e1bbf99e;WEBFLOW_HERITE;fr/en;56d4bc32 2026-04-18 feat(content): 158 articles+guides extraits de Webflow;2025-02-25 10:32;2025-01-02;;200;index (par défaut);oui;Votre studio photo interne : 3 bonnes pratiques pour l'organiser efficacement en 2025;Votre studio photo interne : 3 bonnes pratiques;Studio photo interne : 3 bonnes pratiques pour l’optimiser;Studio photo interne : 3 bonnes pratiques pour l’optimiser;Découvrez 3 bonnes pratiques essentielles pour organiser un studio photo interne performant en 2025 et maximiser la qualité et l’efficacité de vos visuels.;E-commerce;PackshotCreator;983;5;imageSource, author, content;0.997;4;B;15;"titlecase_intertitre=1 ; nom:ShotFlow=1";3;133;9.7;4;18;1553;
/en/blog/3-good-practices-for-organizing-the-production-of-your-internal-photo-studio;en;3-good-practices-for-organizing-the-production-of-your-internal-photo-studio;67bd9c4543007488e1bbf99e;WEBFLOW_HERITE;fr/en;56d4bc32 2026-04-18 feat(content): 158 articles+guides extraits de Webflow;2025-02-25 10:32;2025-01-02;;200;index (par défaut);oui;Your internal photo studio: 3 best practices to organize it effectively in 2025;Your internal photo studio: 3 best practices;Internal photo studio: 3 best practices to optimize it;Internal photo studio: 3 best practices to optimize it;Discover 3 essential best practices for organizing a successful internal photo studio in 2025 and maximizing the quality and efficiency of your visuals.;E-commerce;PackshotCreator;846;5;imageSource, author, content;0.998;4;B;16;"nom:AlphaShot/ALPHASHOT=1 ; nom:ShotFlow=1";0;168;11.0;5;0;2175;
/fr/blog/evolution-e-commerce-packshot;fr;evolution-e-commerce-packshot;67c081d7b4710165deaf01c5;WEBFLOW_HERITE;fr/en;56d4bc32 2026-04-18 feat(content): 158 articles+guides extraits de Webflow;2025-02-27 15:16;2024-09-18;;200;index (par défaut);oui;Évolution du e-commerce et du packshot : Pourquoi investir dans les nouveaux studios photos automatisés Orbitvu;Évolution photo e-commerce : Offre de reprise exceptionnelle;Évolution du packshot e-commerce | PackshotCreator;Évolution du packshot e-commerce | PackshotCreator;Améliorez vos packshots avec les studios Orbitvu. Offre de reprise sur votre équipement PackshotCreator, Ortery ou Scancube. Photographie e-commerce optimisée.;E-commerce;PackshotCreator;1991;5;metaTitle, imageSource, author, faqs;1.0;5;C;16;majuscule_apres_deux_points=2;0;123;12.3;1;0;212;#64 D33 patch factuel (non fusionnée)
/en/blog/e-commerce-packshot-evolution;en;e-commerce-packshot-evolution;67c081d7b4710165deaf01c5;WEBFLOW_HERITE;fr/en;56d4bc32 2026-04-18 feat(content): 158 articles+guides extraits de Webflow;2025-02-27 15:16;2024-09-18;;200;index (par défaut);oui;Evolution of e-commerce and packshots: Why invest in the new Orbitvu automated photo studios;E-commerce photo evolution: Exceptional trade-in offer;E-commerce Packshot Evolution | PackshotCreator;E-commerce Packshot Evolution | PackshotCreator;Enhance your packshots with Orbitvu studios. Trade-in offer on your PackshotCreator, Ortery or Scancube equipment. Optimized e-commerce photography.;E-commerce;PackshotCreator;1729;5;metaTitle, imageSource, author, content, faqs;1.0;6;D;50;alt_langue=3;0;16;9.4;0;0;355;#64 D33 patch factuel (non fusionnée)
/fr/blog/quel-retour-sur-investissement-avec-un-studio-photo-en-interne;fr;quel-retour-sur-investissement-avec-un-studio-photo-en-interne;67c0a4ddd4cfe665b7667381;WEBFLOW_HERITE;fr/en;56d4bc32 2026-04-18 feat(content): 158 articles+guides extraits de Webflow;2025-02-27 17:46;2025-02-04;;200;index (par défaut);oui;Quel retour sur investissement avec un studio photo en interne ?;Studio Photo Interne : Réduction des Coûts et Créativité;Studio Photo Interne : Réduisez vos Coûts et Améliorez votre Créativité;Studio Photo Interne : Réduisez vos Coûts et Améliorez votre Créativité;Optez pour un studio photo interne automatisé. Diminuez vos coûts, gagnez du temps et créez des visuels de qualité en toute simplicité.;Produits;PackshotCreator;1306;5;imageSource, author, content;1.0;5;C;30;"alt_wf_reserved=1 ; titlecase_meta=2 ; titlecase_intertitre=13 ; nombre_format_en_dans_fr=12 ; metaTitle_long=1";2;236;13.5;3;11;1013;
/en/blog/what-return-on-investment-with-an-internal-photo-studio;en;what-return-on-investment-with-an-internal-photo-studio;67c0a4ddd4cfe665b7667381;WEBFLOW_HERITE;fr/en;56d4bc32 2026-04-18 feat(content): 158 articles+guides extraits de Webflow;2025-02-27 17:46;2025-02-04;;200;index (par défaut);oui;What is the return on investment with an in-house photo studio?;In-House Photo Studio: Cost Reduction and Creativity;In-House Photo Studio: Reduce Your Costs and Improve Your Creativity;In-House Photo Studio: Reduce Your Costs and Improve Your Creativity;Opt for an automated in-house photo studio. Lower your costs, save time, and create quality visuals with ease.;Products;PackshotCreator;1171;5;imageSource, author, content;0.961;5;D;50;"alt_wf_reserved=1 ; typo_espace_avant_ponctuation_en=1 ; nombre_format_fr_dans_en=3 ; metaTitle_long=1";0;216;30.3;1;0;895;
/fr/blog/comparatif-de-solutions-de-photographie-automatisee;fr;comparatif-de-solutions-de-photographie-automatisee;67c1c9a56fbc37f605b6e931;WEBFLOW_HERITE;fr/en;56d4bc32 2026-04-18 feat(content): 158 articles+guides extraits de Webflow;2025-02-28 14:35;2023-11-11;;200;index (par défaut);oui;Comparaison des solutions de photographie automatisées : Orbitvu Alphashot XL PRO V2 vs PackshotCreator R3 Mark II (Ortery 3D PhotoBench 280);Orbitvu ou Ortery : Le meilleur studio photo automatisé ?;Comparaison Orbitvu vs Ortery: Test des studios photo automatisés pour e-commerce [Étude 2023];Comparaison Orbitvu vs Ortery: Test des studios photo automatisés pour e-commerce [Étude 2023];Découvrez notre comparatif complet entre l'Orbitvu Alphashot XL PRO V2 et l'Ortery 3D PhotoBench 280. Gain de temps, productivité et ROI analysés par un expert.;Produits;PackshotCreator;1085;5;imageSource, author, content;0.999;5;C;20;"alt_langue=1 ; alt_nom_fichier=1 ; titlecase_meta=1 ; typo_deuxpoints_sans_espace=1 ; nom:PackshotCreator remplace LW=1 ; metaTitle_long=1";1;63;16.5;4;15;554;#64 D33 patch factuel (non fusionnée)
/en/blog/comparison-of-automated-photography-solutions;en;comparison-of-automated-photography-solutions;67c1c9a56fbc37f605b6e931;WEBFLOW_HERITE;fr/en;56d4bc32 2026-04-18 feat(content): 158 articles+guides extraits de Webflow;2025-02-28 14:35;2023-11-11;;200;index (par défaut);oui;Comparison of automated photography solutions: Orbitvu Alphashot XL PRO V2 vs PackshotCreator R3 Mark II (Ortery 3D PhotoBench 280);Orbitvu or Ortery: The best automated photo studio?;Orbitvu vs Ortery Comparison: Testing Automated Photo Studios for E-Commerce [2023 Study];Orbitvu vs Ortery Comparison: Testing Automated Photo Studios for E-Commerce [2023 Study];Discover our complete comparison between the Orbitvu Alphashot XL PRO V2 and the Ortery 3D PhotoBench 280. Time savings, productivity and ROI analyzed by an expert.;Products;PackshotCreator;954;5;imageSource, author, content;0.998;5;C;26;"alt_nom_fichier=1 ; typo_espace_avant_ponctuation_en=1 ; faux_ami=1 ; nom:PackshotCreator remplace LW=1 ; metaTitle_long=1";24;700;10.5;96;0;4539;#64 D33 patch factuel (non fusionnée)
/fr/blog/de-la-photographie-2d-aux-modeles-3d-de-vos-produits-introduction-a-la-photogrammetrie;fr;de-la-photographie-2d-aux-modeles-3d-de-vos-produits-introduction-a-la-photogrammetrie;67c5cd1406caccfac3022b93;WEBFLOW_HERITE;fr/en;56d4bc32 2026-04-18 feat(content): 158 articles+guides extraits de Webflow;2025-03-03 15:39;2025-10-01;;200;index (par défaut);oui;De la photographie 2D aux modèles 3D de vos produits : introduction à la photogrammétrie;Photogrammétrie : de la 2D à la 3D pour vos produits;Optimisez votre workflow de création de modèles 3D avec les solutions Orbitvu;Optimisez votre workflow de création de modèles 3D avec les solutions Orbitvu;Découvrez comment les solutions d'Orbitvu révolutionnent la photogrammétrie en transformant votre processus de création de modèles 3D, offrant des visuels immersifs et une efficacité accrue pour votre e-commerce.;Innovations;PackshotCreator;1782;5;imageSource, author, content;1.0;5;C;30;"melange_langue=1 ; alt_wf_reserved=1 ; nombre_format_en_dans_fr=3 ; nom:PackshotCreator remplace LW=1 ; incoherence_meta_h1=1 ; metaTitle_long=1 ; description_longue=1";0;154;11.8;5;16;2260;
/en/blog/from-2d-photography-to-3d-models-of-your-products-introduction-to-photogrammetry;en;from-2d-photography-to-3d-models-of-your-products-introduction-to-photogrammetry;67c5cd1406caccfac3022b93;WEBFLOW_HERITE;fr/en;56d4bc32 2026-04-18 feat(content): 158 articles+guides extraits de Webflow;2025-03-03 15:39;2025-10-01;;200;index (par défaut);oui;From 2D photography to 3D models of your products: introduction to photogrammetry;Photogrammetry: from 2D to 3D for your products;Optimize your 3D model creation workflow with Orbitvu solutions;Optimize your 3D model creation workflow with Orbitvu solutions;Discover how Orbitvu solutions are revolutionizing photogrammetry by transforming your 3D model creation process, offering immersive visuals and increased efficiency for your e-commerce.;Innovations;PackshotCreator;1587;5;imageSource, author, content;1.0;5;C;45;"alt_wf_reserved=1 ; typo_espace_avant_ponctuation_en=1 ; nom:PackshotCreator remplace LW=1 ; description_longue=1";2;924;23.0;18;0;6899;
/fr/blog/orbitvu-lautomatisation-au-service-de-la-photographie-3d-360deg;fr;orbitvu-lautomatisation-au-service-de-la-photographie-3d-360deg;67c72c0ed089bd9fca057083;WEBFLOW_HERITE;fr/en;56d4bc32 2026-04-18 feat(content): 158 articles+guides extraits de Webflow;2025-03-04 16:36;2025-02-12;;200;index (par défaut);oui;Orbitvu : L’Automatisation au service de la photographie 3D & 360°;Orbitvu : Automatisation et Qualité pour E-commerce;Orbitvu : Automatisation Photo pour E-commerce Performant;Orbitvu : Automatisation Photo pour E-commerce Performant;Découvrez comment Orbitvu optimise la photographie e-commerce avec des solutions automatisées, réduisant les coûts et améliorant la qualité des visuels produits.;Produits;PackshotCreator;719;5;imageSource, author, content;1.0;6;C;40;"titlecase_meta=2 ; titlecase_intertitre=10 ; typo_deuxpoints_sans_espace=1";0;165;12.8;0;1;244;
/en/blog/orbitvu-automation-for-3d-360-product-photography;en;orbitvu-automation-for-3d-360-product-photography;67c72c0ed089bd9fca057083;WEBFLOW_HERITE;fr/en;56d4bc32 2026-04-18 feat(content): 158 articles+guides extraits de Webflow;2025-03-04 16:36;2025-02-12;;200;index (par défaut);oui;Orbitvu: Automation at the service of 3D & 360° photography;Orbitvu: Automation and Quality for E-Commerce;Orbitvu: Photo Automation for High-Performance E-Commerce;Orbitvu: Photo Automation for High-Performance E-Commerce;Learn how Orbitvu optimizes e-commerce photography with automated solutions, reducing costs and improving the quality of product visuals.;Products;PackshotCreator;682;5;imageSource, author, content;1.0;4;D;55;;0;269;33.0;2;0;2225;
/fr/blog/e-commerce-8-elements-indispensables-pour-reussir;fr;e-commerce-8-elements-indispensables-pour-reussir;67c8702d0439042229ee6ddc;WEBFLOW_HERITE;fr/en;56d4bc32 2026-04-18 feat(content): 158 articles+guides extraits de Webflow;2025-03-05 15:39;2017-10-16;;200;index (par défaut);oui;Infographie e-commerce : 8 éléments indispensables pour réussir;E-commerce : 8 clés du succès dont la photographie produit;8 éléments indispensables pour réussir en e-commerce : La photographie produit;8 éléments indispensables pour réussir en e-commerce : La photographie produit;Découvrez les 8 éléments clés pour réussir votre activité e-commerce, dont les photos de produits haute qualité. Apprenez à créer un studio photo interne avec Orbitvu pour booster vos ventes.;E-commerce;PackshotCreator;333;5;imageSource, author, content;1.0;4;B;12;"metaTitle_long=1 ; description_longue=1";0;4;21.5;0;0;191;
/en/blog/e-commerce-8-elements-success;en;e-commerce-8-elements-success;67c8702d0439042229ee6ddc;WEBFLOW_HERITE;fr/en;56d4bc32 2026-04-18 feat(content): 158 articles+guides extraits de Webflow;2025-03-05 15:39;2017-10-16;;200;index (par défaut);oui;E-commerce infographic: 8 essential elements for success;E-commerce: 8 keys to success including product photography;8 essential elements for success in e-commerce: Product photography;8 essential elements for success in e-commerce: Product photography;Discover the 8 key elements for a successful e-commerce business, including high-quality product photos. Learn how to create an in-house photo studio with Orbitvu to boost your sales.;E-commerce;PackshotCreator;309;5;imageSource, author, content;1.0;5;C;16;"metaTitle_long=1 ; description_longue=1";1;132;45.8;4;0;835;
/fr/blog/optimiser-travail-production-visuelle;fr;optimiser-travail-production-visuelle;67c982a7148e9c23556de8e8;WEBFLOW_HERITE;fr/en;56d4bc32 2026-04-18 feat(content): 158 articles+guides extraits de Webflow;2025-03-06 11:10;2024-12-13;;200;index (par défaut);oui;Du chaos à la fluidité : optimiser le travail de production visuelle;ShotFlow : optimisez votre production visuelle e-commerce;ShotFlow : transformez vos processus de production visuelle en e-commerce;ShotFlow : transformez vos processus de production visuelle en e-commerce;Réduisez de 40% le temps de production de vos visuels e-commerce grâce à des flux de travail optimisés. Découvrez les étapes clés et évitez les erreurs courantes.;Innovations;PackshotCreator;2734;5;imageSource, author, content;1.0;5;C;25;"alt_nom_fichier=1 ; nom:ShotFlow=1 ; metaTitle_long=1";0;237;17.1;1;3;805;
/en/blog/optimizing-visual-production-work;en;optimizing-visual-production-work;67c982a7148e9c23556de8e8;WEBFLOW_HERITE;fr/en;56d4bc32 2026-04-18 feat(content): 158 articles+guides extraits de Webflow;2025-03-06 11:10;2024-12-13;;200;index (par défaut);oui;From chaos to fluidity: optimizing visual production work;ShotFlow: optimize your e-commerce visual production;ShotFlow: transform your visual production processes into e-commerce;ShotFlow: transform your visual production processes into e-commerce;Reduce the production time of your e-commerce visuals by 40% thanks to optimized workflows. Learn the key steps and avoid common mistakes.;Innovations;PackshotCreator;2147;5;imageSource, author, content;1.0;4;D;45;"alt_langue=1 ; alt_nom_fichier=1 ; typo_espace_avant_ponctuation_en=1 ; nom:ShotFlow=1 ; metaTitle_long=1";1;1135;11.8;11;0;4939;
/fr/blog/interview-visuels-ecommerce-wizishop;fr;interview-visuels-ecommerce-wizishop;67cec9e3b3c31a70984135de;WEBFLOW_HERITE;fr/en;56d4bc32 2026-04-18 feat(content): 158 articles+guides extraits de Webflow;2025-03-10 11:15;2018-03-12;;200;index (par défaut);oui;« La production de visuels en interne permet gain de temps, maîtrise du budget et réactivité »;Visuels e-commerce en interne | PackshotCreator;Production de visuels e-commerce en interne : gain de temps et budget maîtrisé | PackshotCreator;Production de visuels e-commerce en interne : gain de temps et budget maîtrisé | PackshotCreator;Découvrez comment la production de visuels e-commerce en interne révolutionne votre stratégie digitale. Grégory Beyrouti (WiziShop) partage son expertise pour gagner en temps, maîtriser votre budget et augmenter vos conversions.;E-commerce;PackshotCreator;1362;5;imageSource, author, content;0.999;4;B;13;"titlecase_intertitre=1 ; nom:PackshotCreator remplace LW=1 ; metaTitle_long=1 ; description_longue=1";0;2;3.5;0;0;20;
/en/blog/interview-visuals-ecommerce-wizishop;en;interview-visuals-ecommerce-wizishop;67cec9e3b3c31a70984135de;WEBFLOW_HERITE;fr/en;56d4bc32 2026-04-18 feat(content): 158 articles+guides extraits de Webflow;2025-03-10 11:15;2018-03-12;;200;index (par défaut);oui;“Producing visuals in-house saves time, budget control and reactivity”;In-house e-commerce visuals | PackshotCreator;Production of e-commerce visuals in-house: time savings and controlled budget | PackshotCreator;Production of e-commerce visuals in-house: time savings and controlled budget | PackshotCreator;Discover how the production of e-commerce visuals in-house is revolutionizing your digital strategy. Grégory Beyrouti (WiziShop) shares his expertise to save time, control your budget and increase your conversions.;E-commerce;PackshotCreator;1279;5;imageSource, author, content;0.999;5;D;45;"typo_espace_avant_ponctuation_en=1 ; nombre_format_fr_dans_en=1 ; metaTitle_long=1 ; description_longue=1";0;13;5.8;1;0;283;
/fr/blog/8-defis-prodution-contenu-visuel;fr;8-defis-prodution-contenu-visuel;67d016759a2f61343affbd75;WEBFLOW_HERITE;fr/en;56d4bc32 2026-04-18 feat(content): 158 articles+guides extraits de Webflow;2025-03-11 10:54;2024-12-12;;200;index (par défaut);oui;Les 8 défis de la production de contenu visuel;8 Défis de Contenu Visuel pour l'E-Commerce en 2025;8 Défis de Production Visuelle en E-Commerce : Solutions & Automatisation;8 Défis de Production Visuelle en E-Commerce : Solutions & Automatisation;Découvrez comment surmonter les défis de production visuelle en e-commerce : flux de travail, cohérence de marque, délais et intégration multiplateforme. Optimisez votre contenu avec nos solutions pratiques.;Actualités;PackshotCreator;3819;5;imageSource, author, content;1.0;5;C;40;"alt_wf_reserved=3 ; alt_nom_fichier=1 ; titlecase_meta=2 ; nom:ShotFlow=1 ; metaTitle_long=1 ; description_longue=1";0;159;14.6;0;6;1994;
/en/blog/8-challenges-producing-visual-content;en;8-challenges-producing-visual-content;67d016759a2f61343affbd75;WEBFLOW_HERITE;fr/en;56d4bc32 2026-04-18 feat(content): 158 articles+guides extraits de Webflow;2025-03-11 10:54;2024-12-12;;200;index (par défaut);oui;The 8 challenges of producing visual content;8 Visual Content Challenges for E-Commerce in 2025;8 E-Commerce Visual Production Challenges: Solutions & Automation;8 E-Commerce Visual Production Challenges: Solutions & Automation;Learn how to overcome visual production challenges in e-commerce: workflow, brand consistency, deadlines, and cross-platform integration. Optimize your content with our practical solutions.;News;PackshotCreator;2925;5;imageSource, author, content;1.0;5;D;70;"alt_wf_reserved=3 ; alt_nom_fichier=1 ; typo_espace_avant_ponctuation_en=1 ; nom:ShotFlow=1 ; description_longue=1";5;865;8.8;29;0;13845;
/fr/blog/photographie-de-produits-comment-presenter-vos-vetements;fr;photographie-de-produits-comment-presenter-vos-vetements;67d03c4bc109c8cd115efc62;WEBFLOW_HERITE;fr/en;56d4bc32 2026-04-18 feat(content): 158 articles+guides extraits de Webflow;2025-03-11 13:36;2023-09-05;;200;index (par défaut);oui;Photographie de produits : comment présenter vos vêtements à plat ?;Photographie Flat Lay : Optimisez vos Visuels E-commerce;Comment photographier des vêtements pour le e-commerce ?;Comment photographier des vêtements pour le e-commerce ?;Découvrez comment la photographie flat lay révolutionne la présentation de vos produits en ligne. Techniques, équipements et solutions Orbitvu pour des visuels e-commerce percutants.;Innovations;PackshotCreator;662;5;imageSource, author, content;1.0;4;B;10;"alt_wf_reserved=3 ; titlecase_meta=1 ; description_longue=1";6;2167;10.4;17;94;13089;
/en/blog/product-photography-how-to-showcase-your-clothing;en;product-photography-how-to-showcase-your-clothing;67d03c4bc109c8cd115efc62;WEBFLOW_HERITE;fr/en;56d4bc32 2026-04-18 feat(content): 158 articles+guides extraits de Webflow;2025-03-11 13:36;2023-09-05;;200;index (par défaut);oui;Product photography: how do you present your clothes flat?;Flat Lay Photography: Optimize Your E-Commerce Visuals;How do I photograph clothing for e-commerce?;How do I photograph clothing for e-commerce?;Discover how flat lay photography is revolutionizing the way you present your products online. Orbitvu techniques, equipment and solutions for compelling e-commerce visuals.;Innovations;PackshotCreator;608;5;imageSource, author, content;1.0;4;D;38;"alt_wf_reserved=3 ; typo_espace_avant_ponctuation_en=1 ; description_longue=1";2;706;11.0;15;0;7297;
/fr/blog/joailliers-nos-conseils-pour-reussir-vos-visuels-produits;fr;joailliers-nos-conseils-pour-reussir-vos-visuels-produits;67d05174a21e0a8b35feb47e;WEBFLOW_HERITE;fr/en;56d4bc32 2026-04-18 feat(content): 158 articles+guides extraits de Webflow;2025-03-11 15:06;2023-10-18;;200;index (par défaut);oui;Quelle technique pour photographier des bijoux - Tutoriel photo e-commerce;Photographier des Bijoux : Techniques Pro pour Joailliers;Comment Photographier des Bijoux: Techniques Professionnelles pour Joailliers | PackshotCreator;Comment Photographier des Bijoux: Techniques Professionnelles pour Joailliers | PackshotCreator;Maîtrisez l'art exigeant de la photographie de bijoux avec nos conseils exclusifs: éclairage avancé, technologie Hyperfocus et animations 360°. Découvrez comment sublimer diamants et pierres précieuses pour votre e-commerce de joaillerie.;Innovations;PackshotCreator;662;5;imageSource, author, content;1.0;4;B;11;"alt_wf_reserved=2 ; majuscule_apres_deux_points=1 ; titlecase_meta=2 ; metaTitle_long=1 ; description_longue=1";8;1056;21.9;17;86;8868;
/en/blog/technique-photograph-jewelry-tutorial;en;technique-photograph-jewelry-tutorial;67d05174a21e0a8b35feb47e;WEBFLOW_HERITE;fr/en;56d4bc32 2026-04-18 feat(content): 158 articles+guides extraits de Webflow;2025-03-11 15:06;2023-10-18;;200;index (par défaut);oui;What technique to photograph jewelry - E-commerce photo tutorial;Photographing Jewelry: Pro Techniques for Jewelers;How to Photograph Jewelry: Professional Techniques for Jewelers | PackshotCreator;How to Photograph Jewelry: Professional Techniques for Jewelers | PackshotCreator;Master the demanding art of jewelry photography with our exclusive tips: advanced lighting, Hyperfocus technology, and 360° animations. Discover how to enhance diamonds and precious stones for your jewelry e-commerce.;Innovations;PackshotCreator;604;5;imageSource, author, content;1.0;4;C;22;"alt_wf_reserved=2 ; metaTitle_long=1 ; description_longue=1";1;607;28.9;20;66;32740;
/fr/blog/photographier-une-bague-comme-un-professionnel-en-8-etapes;fr;photographier-une-bague-comme-un-professionnel-en-8-etapes;67d0561565ef40a9406f1bac;WEBFLOW_HERITE;fr/en;56d4bc32 2026-04-18 feat(content): 158 articles+guides extraits de Webflow;2025-03-11 15:26;2023-04-11;;200;index (par défaut);oui;Photographier une bague comme un professionnel en 8 étapes;Photographier une bague comme un professionnel en 8 étapes;Photographier une bague comme un professionnel en 8 étapes;Photographier une bague comme un professionnel en 8 étapes;Découvrez 8 astuces pour photographier une bague, en maîtrisant le cadrage, l'éclairage et l'arrière-plan pour des visuels exceptionnels !;Innovations;PackshotCreator;2187;5;imageSource, author, content;1.0;4;C;24;alt_wf_reserved=1;5;863;19.9;6;80;6100;
/en/blog/8-steps-to-professional-jewelry-photography;en;8-steps-to-professional-jewelry-photography;67d0561565ef40a9406f1bac;WEBFLOW_HERITE;fr/en;56d4bc32 2026-04-18 feat(content): 158 articles+guides extraits de Webflow;2025-03-11 15:26;2023-04-11;;200;index (par défaut);oui;Photographing a ring like a pro in 8 steps;Photographing a ring like a pro in 8 steps;Photographing a ring like a pro in 8 steps;Photographing a ring like a pro in 8 steps;Discover 8 tips for shooting a ring, mastering the framing, lighting and background for exceptional visuals!;Innovations;PackshotCreator;2063;5;imageSource, author, content;1.0;4;D;120;"alt_wf_reserved=1 ; alt_langue=4";18;3124;15.0;157;122;34984;
/fr/blog/guide-photographie-packshot-pourquoi-faire-packshots;fr;guide-photographie-packshot-pourquoi-faire-packshots;67d154e9a53d05fd8c219b8c;WEBFLOW_HERITE;fr/en/de-ch;56d4bc32 2026-04-18 feat(content): 158 articles+guides extraits de Webflow;2025-03-12 09:33;2024-01-08;2026-05-02;200;index (par défaut);oui;Packshot : définition, techniques et conseils e-commerce;Packshot : définition, types et bonnes pratiques pour l'e-commerce;Packshot : définition, techniques et conseils e-commerce — PackshotCreator;Packshot : définition, techniques et conseils e-commerce — PackshotCreator;Qu'est-ce qu'un packshot ? Définition, caractéristiques, types et conseils pratiques pour réussir vos photos produit e-commerce. Guide complet 2026.;E-commerce;Sébastien Jourdan;2332;7;title, h1, metaTitle, description, imageSource, author, content, faqs, dateModified;0.92;5;B;16;"alt_wf_reserved=4 ; nom:PackshotCreator remplace LW=1 ; metaTitle_long=1";45;15854;13.1;99;323;76079;
/en/blog/packshot-photography-guide-why-make-product-packshots;en;packshot-photography-guide-why-make-product-packshots;67d154e9a53d05fd8c219b8c;WEBFLOW_HERITE;fr/en/de-ch;56d4bc32 2026-04-18 feat(content): 158 articles+guides extraits de Webflow;2025-03-12 09:33;2024-01-08;2026-05-02;200;index (par défaut);oui;Packshot — Definition, Techniques & E-commerce Best Practices;Packshot — Definition, Types & Best Practices for E-commerce;Packshot — Definition, Techniques & E-commerce Best Practices | PackshotCreator;Packshot — Definition, Techniques & E-commerce Best Practices | PackshotCreator;What is a packshot? Definition, types, characteristics and practical tips for professional product photography in e-commerce. Complete guide 2026.;E-commerce;Sébastien Jourdan;2179;8;title, h1, metaTitle, description, imageSource, author, content, faqs, dateModified;0.905;5;D;75;"alt_wf_reserved=4 ; alt_langue=3 ; nom:PackshotCreator remplace LW=1 ; metaTitle_long=1";61;44372;9.1;353;0;176819;
/de-ch/blog/leitfaden-packshot-fotografie-warum-packshots-machen;de-ch;leitfaden-packshot-fotografie-warum-packshots-machen;67d154e9a53d05fd8c219b8c;DE-CH_DERIVE_FAMILLE_WEBFLOW;fr/en/de-ch;6a1f2f39 2026-06-27 feat(i18n): locale de-ch (Suisse alémanique) — cœur du parcours suisse;2025-03-12 09:33;2024-01-08;2026-05-02;200;index (par défaut);oui;Packshot: Definition, Techniken und E-Commerce-Tipps;Packshot: Definition, Arten und Best Practices für den E-Commerce;Packshot: Definition, Techniken und E-Commerce-Tipps — PackshotCreator;Packshot: Definition, Techniken und E-Commerce-Tipps — PackshotCreator;Was ist ein Packshot? Definition, Merkmale, Arten und praktische Tipps für gelungene Produktfotos im E-Commerce. Vollständiger Leitfaden 2026.;E-commerce;Sébastien Jourdan;2010;7;;;2;C;18;"alt_wf_reserved=4 ; alt_langue=3 ; metaTitle_long=1";1;263;9.6;1;28;15309;
/fr/blog/materiel-photo-guide-photographie-packshot;fr;materiel-photo-guide-photographie-packshot;67d16fc7ca69ff54d95f3dae;WEBFLOW_HERITE;fr/en;56d4bc32 2026-04-18 feat(content): 158 articles+guides extraits de Webflow;2025-03-12 11:28;2024-01-31;;200;index (par défaut);oui;Le Guide complet de la photographie packshot, 2 : matériel photo et notions à connaître;Le guide complet de la photographie packshot, 2;Quel matériel photo pour de la Photographie Packshot ? [Guide];Quel matériel photo pour de la Photographie Packshot ? [Guide];Dans ce 2e article de notre Guide de la Photographie Packshot, découvrez le matériel photo nécessaire pour créer de bons packshots !;E-commerce;PackshotCreator;2286;5;imageSource, author, content;1.0;4;B;15;"alt_nom_fichier=1 ; alt_wf_reserved=1 ; titlecase_meta=1";59;8147;19.3;86;357;43830;
/en/blog/packshot-photography-guide-product-photography-equipment;en;packshot-photography-guide-product-photography-equipment;67d16fc7ca69ff54d95f3dae;WEBFLOW_HERITE;fr/en;56d4bc32 2026-04-18 feat(content): 158 articles+guides extraits de Webflow;2025-03-12 11:28;2024-01-31;;200;index (par défaut);oui;The Complete Guide to Packshot Photography, 2: Photo Equipment and What You Need to Know;The complete guide to packshot photography, 2;What photo equipment for Packshot Photography? [Guide];What photo equipment for Packshot Photography? [Guide];In this 2nd article of our Packshot Photography Guide, discover the camera equipment needed to create good packshots!;E-commerce;PackshotCreator;2055;5;imageSource, author, content;1.0;4;D;45;"alt_nom_fichier=1 ; alt_wf_reserved=1";6;936;14.0;83;0;14457;
/fr/blog/optimiser-collaboration-equipe-success-story-shotflow;fr;optimiser-collaboration-equipe-success-story-shotflow;67d185c3a21a878712b93709;WEBFLOW_HERITE;fr/en;56d4bc32 2026-04-18 feat(content): 158 articles+guides extraits de Webflow;2025-03-12 13:01;2025-02-03;;200;index (par défaut);oui;Optimiser la collaboration en équipe : une success story avec ShotFlow;Optimiser la production de contenu retail avec ShotFlow;Optimisation de la production de contenu retail avec ShotFlow | Étude de cas;Optimisation de la production de contenu retail avec ShotFlow | Étude de cas;Découvrez comment une enseigne de sport a optimisé sa production de contenu grâce à ShotFlow, améliorant l'efficacité des workflows, la cohérence de marque et augmentant son taux de conversion de 58%.;Actualités;PackshotCreator;907;5;imageSource, author, content;1.0;4;B;13;"typo_deuxpoints_sans_espace=1 ; nom:ShotFlow=1 ; metaTitle_long=1 ; description_longue=1";0;1;4.0;0;0;47;
/en/blog/optimize-team-collaboration-success-story-shotflow;en;optimize-team-collaboration-success-story-shotflow;67d185c3a21a878712b93709;WEBFLOW_HERITE;fr/en;56d4bc32 2026-04-18 feat(content): 158 articles+guides extraits de Webflow;2025-03-12 13:01;2025-02-03;;200;index (par défaut);oui;Optimizing team collaboration: a success story with ShotFlow;Optimizing retail content production with ShotFlow;Optimizing retail content production with ShotFlow | Case study;Optimizing retail content production with ShotFlow | Case study;Learn how a sports brand optimized its content production using ShotFlow, improving workflow efficiency, brand consistency, and increasing its conversion rate by 58%.;News;PackshotCreator;792;5;imageSource, author, content;1.0;4;D;42;"alt_langue=3 ; nom:ShotFlow=1 ; description_longue=1";0;23;12.4;0;0;213;
/fr/blog/comment-shotflow-permet-accelerer-production-contenus-visuels-mode;fr;comment-shotflow-permet-accelerer-production-contenus-visuels-mode;67d18851014c67710270d296;WEBFLOW_HERITE;fr/en;56d4bc32 2026-04-18 feat(content): 158 articles+guides extraits de Webflow;2025-03-12 13:12;2025-01-02;;200;index (par défaut);oui;Comment ShotFlow permet d'accélérer votre production de contenus visuels mode;ShotFlow : Accélérez vos contenus visuels mode;ShotFlow : Accélérez votre production de contenus visuels mode;ShotFlow : Accélérez votre production de contenus visuels mode;Découvrez comment ShotFlow optimise les workflows et réduit les délais de production de vos contenus visuels pour l'industrie de la mode. Solutions d'automatisation efficaces.;Innovations;PackshotCreator;1149;5;imageSource, author, content;1.0;4;C;22;"majuscule_apres_deux_points=2 ; titlecase_intertitre=1 ; nom:ShotFlow=1 ; description_longue=1";0;55;12.0;0;1;93;
/en/blog/how-shotflow-accelerates-fashion-visual-content-production;en;how-shotflow-accelerates-fashion-visual-content-production;67d18851014c67710270d296;WEBFLOW_HERITE;fr/en;56d4bc32 2026-04-18 feat(content): 158 articles+guides extraits de Webflow;2025-03-12 13:12;2025-01-02;;200;index (par défaut);oui;How ShotFlow accelerates your production of fashion visual content;ShotFlow: Accelerate your fashion visual content;ShotFlow: Accelerate your production of fashion visual content;ShotFlow: Accelerate your production of fashion visual content;Learn how ShotFlow optimizes workflows and reduces production times for your visual content for the fashion industry. Effective automation solutions.;Innovations;PackshotCreator;925;5;imageSource, author, content;1.0;4;D;60;"alt_langue=2 ; nom:ShotFlow=1";0;18;8.8;0;0;320;
/fr/blog/comment-mettre-en-valeur-un-produit-guide-photographie-packshot;fr;comment-mettre-en-valeur-un-produit-guide-photographie-packshot;67d1975fa90cac69a07d7874;WEBFLOW_HERITE;fr/en/de-ch;56d4bc32 2026-04-18 feat(content): 158 articles+guides extraits de Webflow;2025-03-12 14:17;2024-02-14;;200;index (par défaut);oui;Le guide complet de la photographie packshot, 3 : comment mettre en valeur vos produits;Le guide complet de la photographie packshot, 3;Mettre en valeur un produit : Guide Photographie Packshot;Mettre en valeur un produit : Guide Photographie Packshot;Découvrez comment mettre en valeur un produit en étudiant ses spécificités dans ce 3e article de notre guide de la photographie packshot.;E-commerce;PackshotCreator;756;5;imageSource, author, content;1.0;5;B;10;"titlecase_meta=1 ; titlecase_intertitre=1";2;1695;27.6;3;32;10464;#27 maillage Q3 (liens article → offre, non fusionnée)
/en/blog/product-showcase-how-to-packshot-photography-guide;en;product-showcase-how-to-packshot-photography-guide;67d1975fa90cac69a07d7874;WEBFLOW_HERITE;fr/en/de-ch;56d4bc32 2026-04-18 feat(content): 158 articles+guides extraits de Webflow;2025-03-12 14:17;2024-02-14;;200;index (par défaut);oui;The complete guide to packshot photography, 3: how to highlight your products;The complete guide to packshot photography, 3;Highlighting a product: Packshot Photography Guide;Highlighting a product: Packshot Photography Guide;Discover how to highlight a product by studying its specificities in this 3rd article of our packshot photography guide.;E-commerce;PackshotCreator;723;5;imageSource, author, content;1.0;5;C;30;"alt_langue=5 ; typo_espace_avant_ponctuation_en=1";2;1426;13.0;17;0;7209;
/de-ch/blog/produkt-vorstellen-leitfaden-packshot-fotografie;de-ch;produkt-vorstellen-leitfaden-packshot-fotografie;67d1975fa90cac69a07d7874;DE-CH_DERIVE_FAMILLE_WEBFLOW;fr/en/de-ch;6a1f2f39 2026-06-27 feat(i18n): locale de-ch (Suisse alémanique) — cœur du parcours suisse;2025-03-12 14:17;2024-02-14;;200;index (par défaut);oui;Der komplette Leitfaden zur Packshot-Fotografie, 3: So bringen Sie Ihre Produkte zur Geltung;Der komplette Leitfaden zur Packshot-Fotografie, 3;Produkt in Szene setzen: Leitfaden Packshot-Fotografie;Produkt in Szene setzen: Leitfaden Packshot-Fotografie;Erfahren Sie im 3. Artikel unseres Leitfadens zur Packshot-Fotografie, wie Sie ein Produkt anhand seiner Besonderheiten optimal in Szene setzen.;E-commerce;PackshotCreator;679;5;;;3;B;7;melange_langue_faq=1;2;315;35.9;2;17;7942;
/fr/blog/choix-media-guide-de-la-photographie-packshot-4;fr;choix-media-guide-de-la-photographie-packshot-4;67d1a71d5b8b56f8af527bfa;WEBFLOW_HERITE;fr/en;56d4bc32 2026-04-18 feat(content): 158 articles+guides extraits de Webflow;2025-03-12 15:24;2024-02-28;;200;index (par défaut);oui;Le guide complet de la photographie packshot, 4 : quel média privilégier;Le guide complet de la photographie packshot, 4;Choix du média et packshot : photo fixe, vidéo ou animation 360° ?;Choix du média et packshot : photo fixe, vidéo ou animation 360° ?;Dans ce 4e article du Guide de la Photographie Packshot, le choix du média idéal pour sublimer vos produits (photo, vidéo ou animation 360).;E-commerce;PackshotCreator;1635;5;imageSource, author, content;0.999;5;B;13;metaTitle_long=1;0;14;12.4;0;3;1034;
/en/blog/media-photography-complete-guide-to-packshot-photography-4;en;media-photography-complete-guide-to-packshot-photography-4;67d1a71d5b8b56f8af527bfa;WEBFLOW_HERITE;fr/en;56d4bc32 2026-04-18 feat(content): 158 articles+guides extraits de Webflow;2025-03-12 15:24;2024-02-28;;200;index (par défaut);oui;The complete guide to packshot photography, 4: which media to choose;The complete guide to packshot photography, 4;Media choice and packshot: still photo, video or 360° animation?;Media choice and packshot: still photo, video or 360° animation?;In this 4th article of the Packshot Photography Guide, the choice of the ideal media to enhance your products (photo, video or 360 animation).;E-commerce;PackshotCreator;1524;5;imageSource, author, content;1.0;4;D;40;"alt_langue=2 ; typo_espace_avant_ponctuation_en=1";2;1050;7.8;10;0;2794;
/fr/blog/comment-avoir-des-photos-professionnelles-guide-packshot-produit;fr;comment-avoir-des-photos-professionnelles-guide-packshot-produit;67d1ac647fa7de7306d86cee;WEBFLOW_HERITE;fr/en;56d4bc32 2026-04-18 feat(content): 158 articles+guides extraits de Webflow;2025-03-12 15:46;2024-03-13;;200;index (par défaut);oui;Le guide complet de la photographie packshot, 5 : comment avoir des photos plus professionnelles et homogènes;Le guide complet de la photographie packshot, 5;Photos professionnelles de produits : Guide Photographie Packshot;Photos professionnelles de produits : Guide Photographie Packshot;Découvrez comment prendre des photos professionnelles de vos produits dans ce 5e article de notre guide de la photographie packshot.;E-commerce;PackshotCreator;2043;5;imageSource, author, content;1.0;4;B;14;"alt_nom_fichier=1 ; titlecase_meta=1";0;4335;32.6;0;16;12960;
/en/blog/how-to-ensure-consistency-between-photos-packshot-photography-guide;en;how-to-ensure-consistency-between-photos-packshot-photography-guide;67d1ac647fa7de7306d86cee;WEBFLOW_HERITE;fr/en;56d4bc32 2026-04-18 feat(content): 158 articles+guides extraits de Webflow;2025-03-12 15:46;2024-03-13;;200;index (par défaut);oui;The complete guide to packshot photography, 5: how to get more professional and consistent photos;The complete guide to packshot photography, 5;Professional Product Photos: Packshot Photography Guide;Professional Product Photos: Packshot Photography Guide;Learn how to take professional photos of your products in this 5th article in our packshot photography guide.;E-commerce;PackshotCreator;1898;5;imageSource, author, content;1.0;5;D;45;"alt_langue=1 ; alt_nom_fichier=1 ; typo_espace_avant_ponctuation_en=1";2;1176;38.2;33;0;19838;
/fr/blog/eclairage-photos-produits;fr;eclairage-photos-produits;67d29ed104741e4f9e4e9043;WEBFLOW_HERITE;fr/en;56d4bc32 2026-04-18 feat(content): 158 articles+guides extraits de Webflow;2025-03-13 09:01;2025-03-13;;200;index (par défaut);oui;Photographie de produits : pour être sûr de votre éclairage, multipliez les sources;Photographie produit : l’éclairage multi-sources idéal;Photographie de produits : maîtrisez l’éclairage multi-sources pour des visuels parfaits;Photographie de produits : maîtrisez l’éclairage multi-sources pour des visuels parfaits;Découvrez pourquoi un éclairage multi-sources est essentiel en photographie de produits et comment les studios automatisés Orbitvu optimisent la lumière pour des images professionnelles, nettes et fidèles à la réalité.;E-commerce;PackshotCreator;1232;5;imageSource, author, content;1.0;6;C;20;"alt_wf_reserved=6 ; titlecase_intertitre=13 ; metaTitle_long=1 ; description_longue=1";9;521;14.2;9;33;3724;#27 maillage Q3 (liens article → offre, non fusionnée)
/en/blog/product-photo-lighting;en;product-photo-lighting;67d29ed104741e4f9e4e9043;WEBFLOW_HERITE;fr/en;56d4bc32 2026-04-18 feat(content): 158 articles+guides extraits de Webflow;2025-03-13 09:01;2025-03-13;;200;index (par défaut);oui;Product photography: to be sure of your lighting, multiply the sources;Product photography: the ideal multi-source lighting;Product photography: master multi-source lighting for perfect visuals;Product photography: master multi-source lighting for perfect visuals;Learn why multi-source lighting is essential in product photography and how Orbitvu automated studios optimize light for professional, sharp, true-to-life images.;E-commerce;PackshotCreator;1116;5;imageSource, author, content;1.0;4;D;55;"alt_wf_reserved=6 ; alt_langue=1 ; metaTitle_long=1";0;243;23.9;6;0;2020;
/fr/blog/e-commerce-quel-est-le-reel-impact-des-visuels;fr;e-commerce-quel-est-le-reel-impact-des-visuels;67d5449d2485fd10feb26276;WEBFLOW_HERITE;fr/en;56d4bc32 2026-04-18 feat(content): 158 articles+guides extraits de Webflow;2025-03-15 09:13;2023-10-05;;200;index (par défaut);oui;L'Impact Décisif des Visuels dans l'E-Commerce : Comment la Photographie Automatisée Révolutionne les Fiches Produits;Impact des Visuels E-Commerce | Améliorez vos Conversions;L'Impact des Visuels en E-Commerce | Boostez Vos Ventes avec la Photographie Automatisée;L'Impact des Visuels en E-Commerce | Boostez Vos Ventes avec la Photographie Automatisée;Découvrez comment des visuels de qualité améliorent la conversion et réduisent les retours produits en e-commerce. La photographie automatisée garantit des images homogènes, engageantes et adaptées à tous vos canaux de vente.;E-commerce;PackshotCreator;674;5;imageSource, author;1.0;3;B;14;"alt_wf_reserved=5 ; titlecase_meta=3 ; metaTitle_long=1 ; description_longue=1";2;585;8.1;13;27;4033;
/en/blog/impact-photographs-product-sheet;en;impact-photographs-product-sheet;67d5449d2485fd10feb26276;WEBFLOW_HERITE;fr/en;56d4bc32 2026-04-18 feat(content): 158 articles+guides extraits de Webflow;2025-03-15 09:13;2023-10-05;;200;index (par défaut);oui;The Decisive Impact of Visuals in E-Commerce: How Automated Photography Is Revolutionizing Product Sheets;Impact of E-Commerce Visuals | Improve Your Conversions;The Impact of Visuals in E-Commerce | Boost Your Sales with Automated Photography;The Impact of Visuals in E-Commerce | Boost Your Sales with Automated Photography;Learn how quality visuals improve conversion and reduce product returns in e-commerce. Automated photography ensures images that are consistent, engaging and adapted to all your sales channels.;E-commerce;PackshotCreator;630;5;imageSource, author, content;1.0;4;D;40;"alt_wf_reserved=5 ; typo_espace_avant_ponctuation_en=1 ; metaTitle_long=1 ; description_longue=1";0;97;42.5;0;0;1754;
/fr/blog/lancement-dune-serie-debooks-dediee-au-ecommerce;fr;lancement-dune-serie-debooks-dediee-au-ecommerce;67d6813d2b8490df8273ec78;WEBFLOW_HERITE;fr/en;56d4bc32 2026-04-18 feat(content): 158 articles+guides extraits de Webflow;2025-03-16 07:43;2017-10-24;;200;index (par défaut);oui;Une série d’eBooks photo e-commerce dediée à la prise de vue de vos produits;Mise à jour : L'importance des visuels en e-commerce;Photographie e-commerce : Optimisez vos visuels pour plus de conversions !;Photographie e-commerce : Optimisez vos visuels pour plus de conversions !;Découvrez comment améliorer vos visuels produits pour le e-commerce. Stratégies cross-canal, automatisation, UX et impact des images : boostez votre conversion avec PackshotCreator ! 📊🚀;E-commerce;PackshotCreator;509;5;imageSource, author, content;0.994;3;C;14;"alt_wf_reserved=1 ; majuscule_apres_deux_points=1 ; nombre_format_en_dans_fr=1 ; nom:PackshotCreator remplace LW=1 ; metaTitle_long=1 ; description_longue=1";0;7;16.6;0;2;297;
/en/blog/series-e-commerce-ebooks-shooting-products;en;series-e-commerce-ebooks-shooting-products;67d6813d2b8490df8273ec78;WEBFLOW_HERITE;fr/en;56d4bc32 2026-04-18 feat(content): 158 articles+guides extraits de Webflow;2025-03-16 07:43;2017-10-24;;200;index (par défaut);oui;A series of e-commerce photo eBooks dedicated to shooting your products;Update: The importance of visuals in e-commerce;E-commerce photography: Optimize your visuals for more conversions!;E-commerce photography: Optimize your visuals for more conversions!;Find out how to improve your product visuals for e-commerce. Cross-channel strategies, automation, UX and image impact: boost your conversion with PackshotCreator! 📊🚀;E-commerce;PackshotCreator;481;5;imageSource, author, content;0.994;4;D;24;"alt_wf_reserved=1 ; typo_espace_avant_ponctuation_en=1 ; nom:PackshotCreator remplace LW=1 ; metaTitle_long=1 ; description_longue=1";0;221;55.0;1;0;2230;
/fr/blog/pourquoi-choisir-orbitvu-photographie-packshot;fr;pourquoi-choisir-orbitvu-photographie-packshot;67d72628fae0bf0299a83a82;WEBFLOW_HERITE;fr/en;56d4bc32 2026-04-18 feat(content): 158 articles+guides extraits de Webflow;2025-03-16 19:27;2024-03-20;;200;index (par défaut);oui;Photographie de produit : Comment Orbitvu est devenu le partenaire incontournable des marque;Comment Orbitvu est devenu le partenaire incontournable;Pourquoi choisir Orbitvu pour votre photographie de produit ?;Pourquoi choisir Orbitvu pour votre photographie de produit ?;Découvrez les problèmes récurrents que les marques rencontrent dans leur photographie packshot et comment Orbitvu permet de les résoudre.;Produits;PackshotCreator;2000;5;imageSource, author, content, faqs;1.0;5;C;18;majuscule_apres_deux_points=1;2;135;10.6;3;15;948;
/en/blog/why-choose-orbitvu-for-packshot-photography;en;why-choose-orbitvu-for-packshot-photography;67d72628fae0bf0299a83a82;WEBFLOW_HERITE;fr/en;56d4bc32 2026-04-18 feat(content): 158 articles+guides extraits de Webflow;2025-03-16 19:27;2024-03-20;;200;index (par défaut);oui;Product photography: How Orbitvu became the go-to partner for brands;How Orbitvu became the go-to partner;Why Orbitvu for your product photography?;Why Orbitvu for your product photography?;Learn about the recurring problems brands encounter in their packshot photography and how Orbitvu solves them.;Products;PackshotCreator;1822;5;imageSource, author, content, faqs;1.0;5;D;55;alt_langue=6;3;1182;10.9;20;0;8217;
/fr/blog/utilisez-votre-studio-photo-pour-faire-de-la-realite-virtuelle;fr;utilisez-votre-studio-photo-pour-faire-de-la-realite-virtuelle;67d7e78b30dcc9d6507f0d00;WEBFLOW_HERITE;fr/en;56d4bc32 2026-04-18 feat(content): 158 articles+guides extraits de Webflow;2025-03-17 09:12;2023-10-05;;200;index (par défaut);oui;Utilisez votre studio photo pour faire de la réalité virtuelle;Studio photo et réalité virtuelle : mode d'emploi;Transformez votre studio photo en outil de réalité virtuelle : Guide complet;Transformez votre studio photo en outil de réalité virtuelle : Guide complet;Découvrez comment utiliser votre studio photo pour créer des expériences immersives en réalité virtuelle grâce à des techniques de photogrammétrie et de modélisation 3D;Innovations;PackshotCreator;1057;5;imageSource, author, content;1.0;6;C;18;"alt_wf_reserved=5 ; legende_credit=1 ; majuscule_apres_deux_points=1 ; metaTitle_long=1 ; description_longue=1";3;239;8.9;10;29;1765;
/en/blog/use-photo-studio-virtual-reality;en;use-photo-studio-virtual-reality;67d7e78b30dcc9d6507f0d00;WEBFLOW_HERITE;fr/en;56d4bc32 2026-04-18 feat(content): 158 articles+guides extraits de Webflow;2025-03-17 09:12;2023-10-05;;200;index (par défaut);oui;Use your photo studio to do virtual reality;Photo studio and virtual reality: how to use;Turn your photo studio into a virtual reality tool: A complete guide;Turn your photo studio into a virtual reality tool: A complete guide;Learn how to use your photo studio to create immersive virtual reality experiences using photogrammetry and 3D modeling techniques;Innovations;PackshotCreator;990;5;imageSource, author, content;1.0;5;D;60;"alt_wf_reserved=5 ; alt_langue=1 ; legende_credit=1 ; typo_espace_avant_ponctuation_en=1 ; metaTitle_long=1";3;1619;15.2;37;0;7787;
/fr/blog/photographie-360-amazon;fr;photographie-360-amazon;67d82e262aac0dd33ff134fd;WEBFLOW_HERITE;fr/en;56d4bc32 2026-04-18 feat(content): 158 articles+guides extraits de Webflow;2025-03-17 14:13;2023-01-28;;200;index (par défaut);oui;Utiliser la photographie de produits à 360° pour des marketplaces comme Amazon;Animation 360° : Boostez vos ventes sur Amazon | Orbitvu;Animation 360° : Boostez vos ventes sur Amazon avec Orbitvu;Animation 360° : Boostez vos ventes sur Amazon avec Orbitvu;Découvrez comment l'animation produit à 360° augmente vos conversions sur Amazon. Solutions automatisées Orbitvu pour créer des visuels conformes aux exigences des marketplaces.;E-commerce;PackshotCreator;654;5;imageSource, author;1.0;3;B;12;"majuscule_apres_deux_points=2 ; description_longue=1";0;701;5.8;0;13;1516;
/en/blog/360-photos-marketplaces;en;360-photos-marketplaces;67d82e262aac0dd33ff134fd;WEBFLOW_HERITE;fr/en;56d4bc32 2026-04-18 feat(content): 158 articles+guides extraits de Webflow;2025-03-17 14:13;2023-01-28;;200;index (par défaut);oui;Using 360° product photography for marketplaces like Amazon;360° animation: Boost your sales on Amazon | Orbitvu;360° animation: Boost your sales on Amazon with Orbitvu;360° animation: Boost your sales on Amazon with Orbitvu;Learn how 360° product animation increases your conversions on Amazon. Orbitvu automated solutions to create visuals in accordance with the requirements of marketplaces.;E-commerce;PackshotCreator;605;5;imageSource, author;1.0;3;D;38;"alt_langue=1 ; typo_espace_avant_ponctuation_en=1 ; description_longue=1";1;1575;13.7;18;0;14553;
/fr/blog/taux-de-conversion-boostez-le-grace-aux-visuels-en-6-pratiques;fr;taux-de-conversion-boostez-le-grace-aux-visuels-en-6-pratiques;67d84f7f4e2f0e4003f741fb;WEBFLOW_HERITE;fr/en;56d4bc32 2026-04-18 feat(content): 158 articles+guides extraits de Webflow;2025-03-17 16:36;2022-09-17;;200;index (par défaut);oui;Taux de conversion : boostez-le grâce aux visuels en 6 pratiques;Taux de conversion : boostez-le grâce aux visuels;6 Pratiques Essentielles pour Augmenter Votre Taux de Conversion grâce à des Visuels Optimisés;6 Pratiques Essentielles pour Augmenter Votre Taux de Conversion grâce à des Visuels Optimisés;Découvrez comment améliorer votre taux de conversion en appliquant 6 pratiques clés liées à l'utilisation de visuels de qualité. Apprenez à optimiser vos images pour attirer et convaincre vos clients potentiels.;E-commerce;PackshotCreator;493;5;imageSource, author, content;0.999;4;B;12;"alt_wf_reserved=2 ; titlecase_meta=1 ; nom:PackshotCreator remplace LW=1 ; metaTitle_long=1 ; description_longue=1";0;0;;1;0;305;
/en/blog/e-commerce-6-practices-to-boost-your-conversion-rate;en;e-commerce-6-practices-to-boost-your-conversion-rate;67d84f7f4e2f0e4003f741fb;WEBFLOW_HERITE;fr/en;56d4bc32 2026-04-18 feat(content): 158 articles+guides extraits de Webflow;2025-03-17 16:36;2022-09-17;;200;index (par défaut);oui;Conversion rate: boost it thanks to visuals in 6 practical ways;Conversion rate: boost it thanks to visuals;6 Essential Practices to Increase Your Conversion Rate with Optimized Visuals;6 Essential Practices to Increase Your Conversion Rate with Optimized Visuals;Learn how to improve your conversion rate by applying 6 key practices related to using quality visuals. Learn how to optimize your images to attract and convince your potential customers.;E-commerce;PackshotCreator;444;5;imageSource, author;1.0;3;C;20;"alt_langue=2 ; alt_wf_reserved=2 ; nom:PackshotCreator remplace LW=1 ; metaTitle_long=1 ; description_longue=1";0;448;13.8;1;0;1612;
/fr/blog/avantages-toplight-photographie-produits;fr;avantages-toplight-photographie-produits;67d9859a9ee10799cad9df5b;WEBFLOW_HERITE;fr/en;56d4bc32 2026-04-18 feat(content): 158 articles+guides extraits de Webflow;2025-03-18 14:39;2023-01-08;;200;index (par défaut);oui;Les avantages du toplight pour la photographie de produits;7 avantages du toplight en photographie produit | Orbitvu;7 avantages du toplight en photographie produit | Éclairage Orbitvu;7 avantages du toplight en photographie produit | Éclairage Orbitvu;Découvrez 7 avantages clés du toplight pour améliorer la texture, les détails et la maîtrise des ombres en photographie produit. Optimisez vos visuels avec un éclairage précis et flexible.;Innovations;PackshotCreator;676;5;imageSource, author, content;1.0;5;B;12;"alt_wf_reserved=5 ; titlecase_faq=1 ; metaTitle_long=1 ; description_longue=1";0;36;41.8;0;2;487;
/en/blog/advantages-toplight-product-photography;en;advantages-toplight-product-photography;67d9859a9ee10799cad9df5b;WEBFLOW_HERITE;fr/en;56d4bc32 2026-04-18 feat(content): 158 articles+guides extraits de Webflow;2025-03-18 14:39;2023-01-08;;200;index (par défaut);oui;The benefits of toplight for product photography;7 benefits of toplight in product photography | Orbitvu;7 benefits of toplight in product photography | Orbitvu Lighting;7 benefits of toplight in product photography | Orbitvu Lighting;Discover 7 key benefits of toplight for improving texture, detail, and shadow control in product photography. Optimize your visuals with precise and flexible lighting.;Innovations;PackshotCreator;616;5;imageSource, author, content;1.0;4;D;55;"alt_wf_reserved=5 ; description_longue=1";6;1002;10.3;33;0;9991;
/fr/blog/e-commerce-comment-mettre-en-place-votre-studio-photo;fr;e-commerce-comment-mettre-en-place-votre-studio-photo;67d9997d8424a1a30c00e049;WEBFLOW_HERITE;fr/en;56d4bc32 2026-04-18 feat(content): 158 articles+guides extraits de Webflow;2025-03-18 16:04;2023-09-16;;200;index (par défaut);oui;Studio photo e-commerce : comment le mettre en place pour vos packshots en interne ?;Studio photo e-commerce : automatisation et organisation;Comment organiser un studio photo e-commerce interne ? | Orbitvu & PackshotCreator;Comment organiser un studio photo e-commerce interne ? | Orbitvu & PackshotCreator;Découvrez comment structurer votre studio photo e-commerce interne avec Orbitvu et PackshotCreator. Automatisation, IA, et organisation efficace pour produire des visuels professionnels en toute autonomie.;Innovations;PackshotCreator;506;5;imageSource, author;1.0;3;B;10;"nom:PackshotCreator remplace LW=1 ; metaTitle_long=1 ; description_longue=1";2;1256;15.1;3;83;5290;
/en/blog/e-commerce-set-up-internal-packshots;en;e-commerce-set-up-internal-packshots;67d9997d8424a1a30c00e049;WEBFLOW_HERITE;fr/en;56d4bc32 2026-04-18 feat(content): 158 articles+guides extraits de Webflow;2025-03-18 16:04;2023-09-16;;200;index (par défaut);oui;E-commerce photo studio: how to set it up for your internal packshots?;E-commerce photo studio: automation and organization;How to organize an internal e-commerce photo studio? | Orbitvu & PackshotCreator;How to organize an internal e-commerce photo studio? | Orbitvu & PackshotCreator;Learn how to structure your internal e-commerce photo studio with Orbitvu and PackshotCreator. Automation, AI, and efficient organization to produce professional visuals independently.;Innovations;PackshotCreator;480;5;imageSource, author;1.0;3;D;30;"typo_espace_avant_ponctuation_en=1 ; nom:PackshotCreator remplace LW=1 ; metaTitle_long=1 ; description_longue=1";0;7;9.4;0;0;220;
/fr/blog/quel-studio-photo-type-pour-vos-shootings-produits-en-interne;fr;quel-studio-photo-type-pour-vos-shootings-produits-en-interne;67dafb3b89a356da7e85e451;WEBFLOW_HERITE;fr/en;56d4bc32 2026-04-18 feat(content): 158 articles+guides extraits de Webflow;2025-03-19 17:13;2023-09-04;;200;index (par défaut);oui;Quel studio photo type pour vos shootings produits en interne ?;Studios Photo Packshot : Automatisez et Optimisez Vos Visuel;📸 Studios Photo Packshot Orbitvu : Automatisez et Optimisez vos Visuels;📸 Studios Photo Packshot Orbitvu : Automatisez et Optimisez vos Visuels;Boostez votre e-commerce avec les studios photo Orbitvu ! Automatisez vos packshots, animations 360° et visuels produits pour des images professionnelles parfaites.;Produits;PackshotCreator;856;5;imageSource, author, content;0.997;8;B;16;"titlecase_meta=2 ; nom:AlphaShot/ALPHASHOT=1 ; nom:ShotFlow=1 ; metaTitle_long=1";10;1100;12.6;16;24;8799;
/en/blog/best-photo-studio-in-house-photo-shoots;en;best-photo-studio-in-house-photo-shoots;67dafb3b89a356da7e85e451;WEBFLOW_HERITE;fr/en;56d4bc32 2026-04-18 feat(content): 158 articles+guides extraits de Webflow;2025-03-19 17:13;2023-09-04;;200;index (par défaut);oui;What is the typical photo studio for your in-house product shootings?;Packshot Photo Studios: Automate and Optimize Your Visuals;📸 Orbitvu Packshot Photo Studios: Automate and Optimize Your Visuals;📸 Orbitvu Packshot Photo Studios: Automate and Optimize Your Visuals;Boost your e-commerce with Orbitvu photo studios! Automate your packshots, 360° animations and product visuals for perfect professional images.;Products;PackshotCreator;763;5;imageSource, author, content;0.997;6;D;35;"alt_langue=1 ; typo_espace_avant_ponctuation_en=1 ; nom:AlphaShot/ALPHASHOT=1 ; nom:ShotFlow=1 ; metaTitle_long=1";6;2101;19.2;30;0;8164;
/fr/blog/quel-format-d-image-pour-le-web;fr;quel-format-d-image-pour-le-web;67dd331edc2f76e4765a968b;WEBFLOW_HERITE;fr/en/de-ch;56d4bc32 2026-04-18 feat(content): 158 articles+guides extraits de Webflow;2025-03-21 09:36;2024-02-08;;200;index (par défaut);oui;JPEG, PNG, RAW, WebP : Quel format d'image pour le web ?;JPEG, PNG, RAW, WebP : Quel format d'image pour le web ?;Quel format d'image pour le web : JPEG, WebP, AVIF ?;Quel format d'image pour le web : JPEG, WebP, AVIF ?;JPEG, WebP ou AVIF pour vos photos produits ? Comparatif complet : poids, qualité, compatibilité navigateurs et impact sur vos ventes en ligne.;E-commerce;Sébastien Jourdan;563;5;metaTitle, description, imageSource, author, content;0.688;4;B;13;"alt_wf_reserved=1 ; legende_credit=1 ; majuscule_apres_deux_points=2 ; nombre_format_en_dans_fr=1 ; nom:PackshotCreator remplace LW=1";23;9100;9.0;71;419;79300;
/en/blog/best-image-format-for-the-web;en;best-image-format-for-the-web;67dd331edc2f76e4765a968b;WEBFLOW_HERITE;fr/en/de-ch;56d4bc32 2026-04-18 feat(content): 158 articles+guides extraits de Webflow;2025-03-21 09:36;2024-02-08;;200;index (par défaut);oui;JPEG, PNG, RAW, WebP: What image format for the web?;JPEG, PNG, RAW, WebP: What image format for the web?;Web image formats: the guide to product photography;Web image formats: the guide to product photography;Discover the best image formats (JPEG, WebP, AVIF...) for product, commercial and e-commerce photography. Optimize quality, weight and SEO.;E-commerce;PackshotCreator;852;5;imageSource, author, content;0.998;5;D;40;"alt_wf_reserved=1 ; legende_credit=1 ; typo_espace_avant_ponctuation_en=1";7;6203;13.5;67;0;78632;
/de-ch/blog/welches-bildformat-ist-das-beste-fur-das-web;de-ch;welches-bildformat-ist-das-beste-fur-das-web;67dd331edc2f76e4765a968b;DE-CH_DERIVE_FAMILLE_WEBFLOW;fr/en/de-ch;6a1f2f39 2026-06-27 feat(i18n): locale de-ch (Suisse alémanique) — cœur du parcours suisse;2025-03-21 09:36;2024-02-08;;200;index (par défaut);oui;JPEG, PNG, RAW, WebP: Welches Bildformat ist das beste für das Web?;JPEG, PNG, RAW, WebP: Welches Bildformat ist das beste für das Web?;Welches Bildformat für das Web: JPEG, WebP, AVIF?;Welches Bildformat für das Web: JPEG, WebP, AVIF?;JPEG, WebP oder AVIF für Ihre Produktfotos? Vollständiger Vergleich: Dateigrösse, Qualität, Browser-Kompatibilität und Auswirkung auf Ihre Online-Verkäufe.;E-commerce;Sébastien Jourdan;508;5;;;2;B;11;"alt_wf_reserved=1 ; legende_credit=1";5;3157;9.3;5;43;17980;
/fr/blog/comment-avoir-meilleures-images-amazon;fr;comment-avoir-meilleures-images-amazon;67dd61a400fe7c3ea6a577e1;WEBFLOW_HERITE;fr/en;56d4bc32 2026-04-18 feat(content): 158 articles+guides extraits de Webflow;2025-03-21 12:55;2024-01-24;;200;index (par défaut);oui;Amazon : comment avoir les meilleures photos produit pour booster vos ventes;Optimisation des images produits Amazon : guide complet;Photographie Amazon : guide complet & solutions automatisées;Photographie Amazon : guide complet & solutions automatisées;Découvrez comment optimiser vos visuels Amazon selon les règles officielles et boostez vos ventes grâce à la photographie automatisée Orbitvu.;E-commerce;PackshotCreator;1117;5;imageSource, author, content;0.994;5;B;14;"alt_wf_reserved=5 ; nom:PackshotCreator remplace LW=1";8;2330;5.8;14;117;11181;#27 maillage Q3 (liens article → offre, non fusionnée)
/en/blog/how-to-get-best-amazon-product-photos;en;how-to-get-best-amazon-product-photos;67dd61a400fe7c3ea6a577e1;WEBFLOW_HERITE;fr/en;56d4bc32 2026-04-18 feat(content): 158 articles+guides extraits de Webflow;2025-03-21 12:55;2024-01-24;;200;index (par défaut);oui;Amazon: how to have the best product photos to boost your sales;Amazon Product Image Optimization: A Complete Guide;Amazon photography: complete guide & automated solutions;Amazon photography: complete guide & automated solutions;Find out how to optimize your Amazon visuals according to official rules and boost your sales with Orbitvu automated photography.;E-commerce;PackshotCreator;1033;5;imageSource, author, content;0.995;5;D;45;"alt_wf_reserved=5 ; typo_espace_avant_ponctuation_en=1 ; nom:PackshotCreator remplace LW=1";0;377;14.2;9;0;4013;
/fr/blog/comment-choisir-objectif-en-photographie-packshot;fr;comment-choisir-objectif-en-photographie-packshot;67dd7e0cbd182b5e0eec9fc0;WEBFLOW_HERITE;fr/en;56d4bc32 2026-04-18 feat(content): 158 articles+guides extraits de Webflow;2025-03-21 14:56;2024-02-21;;200;index (par défaut);oui;Comment choisir le meilleur objectif en photographie packshot ? Toutes les questions à se poser;Comment choisir le meilleur objectif pour le packshot ?;Quel objectif photo choisir pour réussir vos packshots ? Guide complet;Quel objectif photo choisir pour réussir vos packshots ? Guide complet;Découvrez comment choisir le meilleur objectif pour sublimer vos produits en photographie packshot. Macro, focale fixe, zoom : notre guide vous aide à allier précision, productivité et créativité, avec l’expertise PackshotCreator & Orbitvu.;E-commerce;PackshotCreator;2171;5;imageSource, author, content;0.999;6;B;14;"alt_wf_reserved=5 ; alt_nom_fichier=1 ; nom:PackshotCreator remplace LW=1 ; metaTitle_long=1 ; description_longue=1";16;659;12.7;31;221;16214;
/en/blog/how-to-choose-best-lens-for-product-photography;en;how-to-choose-best-lens-for-product-photography;67dd7e0cbd182b5e0eec9fc0;WEBFLOW_HERITE;fr/en;56d4bc32 2026-04-18 feat(content): 158 articles+guides extraits de Webflow;2025-03-21 14:56;2024-02-21;;200;index (par défaut);oui;How do you choose the best lens for packshot photography? All the questions to ask;How do I choose the best lens for a packshot?;What photo lens should you choose for successful packshots? Complete guide;What photo lens should you choose for successful packshots? Complete guide;Find out how to choose the best lens to enhance your packshot photography products. Macro, fixed focus, zoom: our guide helps you combine precision, productivity and creativity, with PackshotCreator & Orbitvu expertise.;Innovations;PackshotCreator;1982;5;imageSource, author, content;0.999;4;D;65;"alt_wf_reserved=5 ; alt_nom_fichier=1 ; typo_espace_avant_ponctuation_en=1 ; nom:PackshotCreator remplace LW=1 ; paragraphe_double=1 ; metaTitle_long=1 ; description_longue=1";2;3118;15.1;165;296;109430;
/fr/blog/comment-automatiser-la-creation-de-vos-photographies-animations-de-produits;fr;comment-automatiser-la-creation-de-vos-photographies-animations-de-produits;67e13c063cd0299737798aa4;WEBFLOW_HERITE;fr/en;56d4bc32 2026-04-18 feat(content): 158 articles+guides extraits de Webflow;2025-03-24 11:03;2023-06-22;;200;index (par défaut);oui;Comment automatiser la création de vos photographies & animations de produits ?;Comment automatiser la création de vos photographies;Automatisation des visuels produits : boostez votre e-commerce;Automatisation des visuels produits : boostez votre e-commerce;Découvrez comment l'automatisation de la création de visuels produits peut accélérer vos mises en ligne, améliorer votre image de marque et réduire les retours produits.;E-commerce;PackshotCreator;1008;5;imageSource, author, content;0.996;6;B;10;"alt_wf_reserved=1 ; nom:PackshotCreator remplace LW=1 ; incoherence_meta_h1=1 ; description_longue=1";0;314;8.8;0;17;1661;
/en/blog/automate-creation-product-photographs-animations;en;automate-creation-product-photographs-animations;67e13c063cd0299737798aa4;WEBFLOW_HERITE;fr/en;56d4bc32 2026-04-18 feat(content): 158 articles+guides extraits de Webflow;2025-03-24 11:03;2023-06-22;;200;index (par défaut);oui;How to automate the creation of your product photographs & animations?;How to automate the creation of your photographs;Automating product visuals: boost your e-commerce;Automating product visuals: boost your e-commerce;Learn how automating the creation of product visuals can speed up your uploads, improve your brand image, and reduce product returns.;E-commerce;PackshotCreator;924;5;imageSource, author, content;0.996;6;D;50;"alt_wf_reserved=1 ; typo_espace_avant_ponctuation_en=1 ; nom:PackshotCreator remplace LW=1";1;815;44.6;11;0;5196;
/fr/blog/est-il-utile-dinternaliser-sa-production-de-photos-packshot;fr;est-il-utile-dinternaliser-sa-production-de-photos-packshot;67e168ab52289ca859bb7f48;WEBFLOW_HERITE;fr/en;56d4bc32 2026-04-18 feat(content): 158 articles+guides extraits de Webflow;2025-03-24 14:14;2024-10-13;;200;index (par défaut);oui;Est-il utile d'internaliser sa production de photos packshot ?;Studios photo Orbitvu : rentabiliser vos visuels produits;Studio photo automatisé Orbitvu : guide complet d'internalisation;Studio photo automatisé Orbitvu : guide complet d'internalisation;Faut-il investir dans un studio photo Orbitvu pour vos visuels produits ? Analysez votre ROI, espace nécessaire et workflow grâce à notre guide détaillé.;Innovations;PackshotCreator;1136;5;imageSource, author, content, faqs;0.951;6;C;14;"alt_wf_reserved=4 ; incoherence_title_h1=1";4;196;7.7;7;20;1620;#27 maillage Q3 (liens article → offre, non fusionnée)
/en/blog/5-questions-before-investing-in-an-in-house-photo-studio;en;5-questions-before-investing-in-an-in-house-photo-studio;67e168ab52289ca859bb7f48;WEBFLOW_HERITE;fr/en;56d4bc32 2026-04-18 feat(content): 158 articles+guides extraits de Webflow;2025-03-24 14:14;2024-10-13;;200;index (par défaut);oui;Is it useful to internalize your packshot photo production?;Orbitvu photo studios: make your product visuals profitable;Orbitvu Automated Photo Studio: A Complete Internalization Guide;Orbitvu Automated Photo Studio: A Complete Internalization Guide;Should you invest in an Orbitvu photo studio for your product visuals? Analyze your ROI, space requirements, and workflow with our detailed guide.;Innovations;PackshotCreator;1074;5;imageSource, author, content, faqs;0.956;6;D;60;"alt_wf_reserved=4 ; typo_espace_avant_ponctuation_en=1 ; nombre_format_fr_dans_en=1";8;729;15.6;39;0;5122;
/fr/blog/focus-sur-lhyperfocus;fr;focus-sur-lhyperfocus;67e28a1d1eed7d0635aacdef;WEBFLOW_HERITE;fr/en;56d4bc32 2026-04-18 feat(content): 158 articles+guides extraits de Webflow;2025-03-25 10:49;2023-09-02;;200;index (par défaut);oui;Focus sur… Le SuperFocus;Focus stacking packshot : netteté parfaite sans retouche;Focus stacking packshot : des visuels produits nets sans retouche;Focus stacking packshot : des visuels produits nets sans retouche;Maîtrisez la profondeur de champ en photo produit. Le focus stacking automatisé permet des visuels nets de A à Z, sans retouche ni perte de temps.;Innovations;PackshotCreator;1037;5;imageSource, author, content;0.996;5;B;11;"alt_wf_reserved=1 ; nom:PackshotCreator remplace LW=1";4;196;31.5;4;15;1508;
/en/blog/focus-on-the-focus-stacking;en;focus-on-the-focus-stacking;67e28a1d1eed7d0635aacdef;WEBFLOW_HERITE;fr/en;56d4bc32 2026-04-18 feat(content): 158 articles+guides extraits de Webflow;2025-03-25 10:49;2023-09-02;;200;index (par défaut);oui;Focus on... SuperFocus;Focus stacking for packshot: perfect sharpness;Focus stacking packshot: clear product visuals without retouching;Focus stacking packshot: clear product visuals without retouching;Control depth of field in product photography. Automated focus stacking allows clear visuals from A to Z, without retouching or wasting time.;Innovations;PackshotCreator;989;5;imageSource, author, content;0.992;6;D;40;"alt_wf_reserved=1 ; alt_langue=2 ; typo_espace_avant_ponctuation_en=1 ; nom:PackshotCreator remplace LW=1";2;345;14.1;26;0;3914;
/fr/blog/eclairage-packshots-360-3d-produits;fr;eclairage-packshots-360-3d-produits;67e290e6423ee8342daef9da;WEBFLOW_HERITE;fr/en;56d4bc32 2026-04-18 feat(content): 158 articles+guides extraits de Webflow;2025-03-25 11:17;2024-08-08;;200;index (par défaut);oui;L'importance de l'éclairage sur les animations 3D et packshots 360 d'objets;Maîtriser l’éclairage pour vos Packshots 360° & 3D;Packshots 360° et 3D : l’importance d’un éclairage maîtrisé;Packshots 360° et 3D : l’importance d’un éclairage maîtrisé;Pourquoi l’éclairage est essentiel pour réussir vos packshots 360° et 3D ? Découvrez comment automatisation et cohérence visuelle font toute la différence.;Innovations;PackshotCreator;943;5;imageSource, author;1.0;3;B;9;alt_wf_reserved=2;1;80;32.0;2;2;228;
/en/blog/lighting-3d-packshots;en;lighting-3d-packshots;67e290e6423ee8342daef9da;WEBFLOW_HERITE;fr/en;56d4bc32 2026-04-18 feat(content): 158 articles+guides extraits de Webflow;2025-03-25 11:17;2024-08-08;;200;index (par défaut);oui;The importance of lighting on 3D animations and 360 object packshots;Control the lighting for your 360° & 3D Packshots;360° and 3D packshots: the importance of controlled lighting;360° and 3D packshots: the importance of controlled lighting;Why is lighting essential for successful 360° and 3D packshots? Learn how automation and visual consistency make all the difference.;Innovations;PackshotCreator;893;5;imageSource, author;1.0;3;D;45;alt_wf_reserved=2;1;806;51.7;12;0;4758;
/fr/blog/decryptages-interviewe-laurent-wainberg-fondateur-et-dirigeant-de-packshotcreator;fr;decryptages-interviewe-laurent-wainberg-fondateur-et-dirigeant-de-packshotcreator;67e2ad276291f90c1cf0dc8b;WEBFLOW_HERITE;fr/en;56d4bc32 2026-04-18 feat(content): 158 articles+guides extraits de Webflow;2025-03-25 13:18;2017-10-04;;200;index (par défaut);oui;Interview de PackshotCreator, fondateur de PackshotCreator;PackshotCreator, fondateur de PackshotCreator – Interview;PackshotCreator, fondateur de PackshotCreator – Interview;PackshotCreator, fondateur de PackshotCreator – Interview;Découvrez l’histoire du Packshot automatisé à travers l’interview de PackshotCreator, pionnier et fondateur de PackshotCreator.;Actualités;PackshotCreator;710;5;title, h1, metaTitle, description, imageSource, author, content, faqs;0.967;7;C;16;"alt_wf_reserved=1 ; majuscule_apres_deux_points=2 ; nom:PackshotCreator remplace LW=1";0;27;10.4;1;17;244;
/en/blog/interview-laurent-wainberg-founder-packshotcreator;en;interview-laurent-wainberg-founder-packshotcreator;67e2ad276291f90c1cf0dc8b;WEBFLOW_HERITE;fr/en;56d4bc32 2026-04-18 feat(content): 158 articles+guides extraits de Webflow;2025-03-25 13:18;2017-10-04;;200;index (par défaut);oui;Interview with PackshotCreator, founder of PackshotCreator;PackshotCreator, founder of PackshotCreator — Interview;PackshotCreator, founder of PackshotCreator — Interview;PackshotCreator, founder of PackshotCreator — Interview;Discover the history of automated Packshot through an interview with PackshotCreator, pioneer and founder of PackshotCreator.;News;PackshotCreator;652;5;title, h1, metaTitle, description, imageSource, author, content, faqs;0.961;7;D;38;"alt_wf_reserved=1 ; typo_espace_avant_ponctuation_en=1 ; nom:PackshotCreator remplace LW=1";2;53;15.6;6;0;1280;
/fr/blog/comment-maitriser-le-flou-dans-la-photographie-de-produits;fr;comment-maitriser-le-flou-dans-la-photographie-de-produits;67e2bae5b0a34bfdea3702c1;WEBFLOW_HERITE;fr/en;56d4bc32 2026-04-18 feat(content): 158 articles+guides extraits de Webflow;2025-03-25 14:17;2023-09-13;;200;index (par défaut);oui;Comment maîtriser le flou dans la photographie de produits;Comment éviter les photos floues en photographie produit;Comment éviter les photos floues en photographie produit : causes, solutions, et bonnes pratiques;Comment éviter les photos floues en photographie produit : causes, solutions, et bonnes pratiques;Découvrez les causes du flou en photographie produit et nos solutions professionnelles pour des visuels nets, sans retouche ni IA.;Innovations;PackshotCreator;1021;5;imageSource, author, content;1.0;6;B;12;"alt_wf_reserved=4 ; nom:PackshotCreator remplace LW=1 ; metaTitle_long=1";3;913;20.2;9;94;20614;
/en/blog/how-to-avoid-blurry-product-photographs;en;how-to-avoid-blurry-product-photographs;67e2bae5b0a34bfdea3702c1;WEBFLOW_HERITE;fr/en;56d4bc32 2026-04-18 feat(content): 158 articles+guides extraits de Webflow;2025-03-25 14:17;2023-09-13;;200;index (par défaut);oui;How to master blur in product photography;How to avoid blurry photos in product photography;How to avoid blurry photos in product photography: causes, solutions, and best practices;How to avoid blurry photos in product photography: causes, solutions, and best practices;Learn about the causes of blur in product photography and our professional solutions for sharp visuals without retouching or AI.;Innovations;PackshotCreator;967;5;imageSource, author, content;1.0;5;D;50;"alt_wf_reserved=4 ; nom:PackshotCreator remplace LW=1 ; metaTitle_long=1";5;1639;9.3;30;0;10765;
/fr/blog/la-chaussure-un-secteur-incontournable-du-e-commerce-dynamise-avec-packshotcreator;fr;la-chaussure-un-secteur-incontournable-du-e-commerce-dynamise-avec-packshotcreator;67e2c85e5c55bbc58cc3080a;WEBFLOW_HERITE;fr/en;56d4bc32 2026-04-18 feat(content): 158 articles+guides extraits de Webflow;2025-03-25 15:14;2023-10-25;;200;index (par défaut);oui;Photographie de chaussures pour du e-commerce, nos solutions pour un secteur dynamisé;Photographie de chaussures pour l’e-commerce en interne;Photographie de chaussures pour l’e-commerce : comment produire des visuels vendeurs en interne;Photographie de chaussures pour l’e-commerce : comment produire des visuels vendeurs en interne;La photographie de chaussures en ligne est devenu l'incontournable du e-commerce. Produisez vos visuels avec les studios photo Orbitvu.;E-commerce;PackshotCreator;912;5;imageSource, author;1.0;3;C;30;"nombre_format_en_dans_fr=2 ; metaTitle_long=1";1;165;11.5;1;8;1732;
/en/blog/shoes-the-unmissable-e-business-sector-boosted-with-packshotcreator;en;shoes-the-unmissable-e-business-sector-boosted-with-packshotcreator;67e2c85e5c55bbc58cc3080a;WEBFLOW_HERITE;fr/en;56d4bc32 2026-04-18 feat(content): 158 articles+guides extraits de Webflow;2025-03-25 15:14;2023-10-25;;200;index (par défaut);oui;Shoe photography for e-commerce, our solutions for a dynamic sector;Shoe photography for in-house e-commerce;Shoe photography for e-commerce: how to produce internal sales visuals;Shoe photography for e-commerce: how to produce internal sales visuals;Shoe photography online has become a must in e-commerce. Produce your visuals with Orbitvu photo studios.;E-commerce;PackshotCreator;823;5;imageSource, author, content;1.0;4;D;55;"alt_langue=1 ; metaTitle_long=1";0;620;8.7;14;0;3275;
/fr/blog/meubles-decorations-comment-etre-plus-visibles-sur-le-web;fr;meubles-decorations-comment-etre-plus-visibles-sur-le-web;67e2d531023040bc7e411c80;WEBFLOW_HERITE;fr/en;56d4bc32 2026-04-18 feat(content): 158 articles+guides extraits de Webflow;2025-03-25 16:09;2024-10-27;;200;index (par défaut);oui;La photographie de meubles & décorations pour le e-commerce;La photographie de meubles & décorations pour le e-commerce;Photographie de meubles : comment automatiser votre production visuelle pour le web;Photographie de meubles : comment automatiser votre production visuelle pour le web;Découvrez comment automatiser la photographie de meubles et d’objets de décoration grâce aux studios photo Orbitvu. Réduction des coûts, cohérence visuelle, gain de temps : boostez votre e-commerce.;E-commerce;PackshotCreator;893;5;imageSource, author, content;1.0;7;B;10;"alt_wf_reserved=5 ; titlecase_intertitre=1 ; nom:PackshotCreator remplace LW=1 ; metaTitle_long=1 ; description_longue=1";1;214;8.1;4;26;1451;
/en/blog/furniture-decoration-e-commerce-photography;en;furniture-decoration-e-commerce-photography;67e2d531023040bc7e411c80;WEBFLOW_HERITE;fr/en;56d4bc32 2026-04-18 feat(content): 158 articles+guides extraits de Webflow;2025-03-25 16:09;2024-10-27;;200;index (par défaut);oui;Furniture & decoration photography for e-commerce;Furniture & decoration photography for e-commerce;Furniture photography: how to automate your visual production for the web;Furniture photography: how to automate your visual production for the web;Discover how to automate the photography of furniture and decorative objects with Orbitvu photo studios. Cost reduction, visual consistency, time savings: boost your e-commerce.;E-commerce;PackshotCreator;821;5;imageSource, author, content;1.0;7;D;28;"alt_wf_reserved=5 ; typo_espace_avant_ponctuation_en=1 ; nom:PackshotCreator remplace LW=1 ; metaTitle_long=1 ; description_longue=1";3;1230;14.1;40;0;10462;
/fr/blog/conseils-photo-le-cadrage-et-la-composition;fr;conseils-photo-le-cadrage-et-la-composition;67e41233cb2c0c8643c00c89;WEBFLOW_HERITE;fr/en;56d4bc32 2026-04-18 feat(content): 158 articles+guides extraits de Webflow;2025-03-26 14:41;2017-09-16;;200;index (par défaut);oui;Conseils photo : le cadrage et la composition;Conseils photo : cadrage et composition pour vendre;Photographie Produit : 6 Règles de Cadrage pour des Images Qui Convertissent;Photographie Produit : 6 Règles de Cadrage pour des Images Qui Convertissent;Maîtrisez l'art de la photographie produit grâce à nos 6 conseils essentiels de cadrage et composition. Découvrez comment transformer vos images e-commerce en véritables outils de vente, qu'importe votre équipement. Guide pratique pour photographes et e-commerçants.;E-commerce;PackshotCreator;774;5;imageSource, author, content;1.0;4;B;12;"alt_wf_reserved=1 ; titlecase_meta=1 ; metaTitle_long=1 ; description_longue=1";1;523;29.2;2;31;7506;
/en/blog/tips-photo-framing-composition;en;tips-photo-framing-composition;67e41233cb2c0c8643c00c89;WEBFLOW_HERITE;fr/en;56d4bc32 2026-04-18 feat(content): 158 articles+guides extraits de Webflow;2025-03-26 14:41;2017-09-16;;200;index (par défaut);oui;Photo tips: framing and composition;Photo tips: framing and composing to sell;Product Photography: 6 Framing Rules for Images That Convert;Product Photography: 6 Framing Rules for Images That Convert;Master the art of product photography with our 6 essential framing and composition tips. Discover how to transform your e-commerce images into real sales tools, regardless of your equipment. Practical guide for photographers and e-retailers.;E-commerce;PackshotCreator;743;5;imageSource, author, content;1.0;4;D;45;"alt_wf_reserved=1 ; description_longue=1";21;1798;13.5;135;0;23086;
/fr/blog/e-commerce-4-fondamentaux-pour-reduire-les-abandons-de-panier;fr;e-commerce-4-fondamentaux-pour-reduire-les-abandons-de-panier;67e6349eb42eb679f09a208c;WEBFLOW_HERITE;fr/en;56d4bc32 2026-04-18 feat(content): 158 articles+guides extraits de Webflow;2025-03-28 05:33;2024-09-13;;200;index (par défaut);oui;E-commerce : 4 fondamentaux pour réduire les abandons de panier;E-commerce : 5 leviers pour réduire l’abandon de panier;👉 Réduire l'abandon de panier : les 4+1 leviers à activer;👉 Réduire l'abandon de panier : les 4+1 leviers à activer;👉 Découvrez comment booster votre taux de conversion e-commerce avec des visuels engageants, un tunnel optimisé et des outils comme Orbitvu.;E-commerce;PackshotCreator;736;5;imageSource, author;1.0;3;B;14;alt_wf_reserved=5;0;355;9.2;1;1;3436;
/en/blog/4-fundamentals-for-reducing-abandoned-shopping-carts;en;4-fundamentals-for-reducing-abandoned-shopping-carts;67e6349eb42eb679f09a208c;WEBFLOW_HERITE;fr/en;56d4bc32 2026-04-18 feat(content): 158 articles+guides extraits de Webflow;2025-03-28 05:33;2024-09-13;;200;index (par défaut);oui;E-commerce: 4 fundamentals to reduce cart abandonment;E-commerce: 5 ways to reduce cart abandonment;👉 Reducing cart abandonment: the 4+1 levers to activate;👉 Reducing cart abandonment: the 4+1 levers to activate;👉 Discover how to boost your e-commerce conversion rate with engaging visuals, an optimized tunnel and tools like Orbitvu.;E-commerce;PackshotCreator;680;5;imageSource, author;1.0;3;D;40;"alt_wf_reserved=5 ; typo_espace_avant_ponctuation_en=1";0;9;22.8;0;0;689;
/fr/blog/5-appareils-photo-en-simultane-pour-de-lanimation-3d-realiste;fr;5-appareils-photo-en-simultane-pour-de-lanimation-3d-realiste;67e646d359a299f6dc765521;WEBFLOW_HERITE;fr/en;56d4bc32 2026-04-18 feat(content): 158 articles+guides extraits de Webflow;2025-03-28 06:50;2024-09-28;;200;index (par défaut);oui;5 appareils photo en simultané pour de l'animation 3D réaliste;5 appareils photo en simultané pour de l'animation 3D;Photographie 3D produit : Orbitvu et la révolution photogrammétrique;Photographie 3D produit : Orbitvu et la révolution photogrammétrique;Capturez automatiquement des images prêtes pour la photogrammétrie 3D avec Orbitvu. Une solution innovante pour créer des modèles 3D réalistes.;Innovations;PackshotCreator;776;5;imageSource, author, content;1.0;5;B;14;"alt_wf_reserved=2 ; nom:ShotFlow=1 ; incoherence_meta_h1=1 ; metaTitle_long=1";4;807;11.0;4;33;5112;
/en/blog/5-cameras-realistic-3d-animation;en;5-cameras-realistic-3d-animation;67e646d359a299f6dc765521;WEBFLOW_HERITE;fr/en;56d4bc32 2026-04-18 feat(content): 158 articles+guides extraits de Webflow;2025-03-28 06:50;2024-09-28;;200;index (par défaut);oui;5 cameras simultaneously for realistic 3D animation;5 cameras simultaneously for 3D animation;3D product photography: Orbitvu and the photogrammetric revolution;3D product photography: Orbitvu and the photogrammetric revolution;Automatically capture images ready for 3D photogrammetry with Orbitvu. An innovative solution for creating realistic 3D models.;Innovations;PackshotCreator;712;5;imageSource, author, content;1.0;5;D;55;"alt_wf_reserved=2 ; typo_espace_avant_ponctuation_en=1 ; nom:ShotFlow=1 ; incoherence_meta_h1=1 ; metaTitle_long=1";11;1045;16.2;56;0;8231;
/fr/blog/logiciel-packshotcreator-ortery-perdu-solution;fr;logiciel-packshotcreator-ortery-perdu-solution;681a1a294d5ce94156610507;WEBFLOW_HERITE;fr/en;56d4bc32 2026-04-18 feat(content): 158 articles+guides extraits de Webflow;2025-05-06 14:18;2025-05-06;;200;index (par défaut);oui;Vous avez perdu votre logiciel PackshotCreator ou Ortery ? ;Récupérer votre logiciel PackshotCreator ou Ortery;Récupérer votre logiciel PackshotCreator ou Ortery perdu - Solutions et alternatives;Récupérer votre logiciel PackshotCreator ou Ortery perdu - Solutions et alternatives;Problèmes avec votre logiciel PackshotCreator ou Ortery? Découvrez comment récupérer votre licence, résoudre les problèmes de compatibilité Windows 11 et explorer les alternatives modernes.;Produits;PackshotCreator;692;5;imageSource, author, content;0.995;5;B;12;"alt_wf_reserved=1 ; majuscule_apres_deux_points=1 ; titlecase_intertitre=1 ; nom:PackshotCreator remplace LW=1 ; metaTitle_long=1 ; description_longue=1";11;314;14.0;29;41;1020;
/en/blog/lost-packshotcreator-ortery-software-solution;en;lost-packshotcreator-ortery-software-solution;681a1a294d5ce94156610507;WEBFLOW_HERITE;fr/en;56d4bc32 2026-04-18 feat(content): 158 articles+guides extraits de Webflow;2025-05-06 14:18;2025-05-06;;200;index (par défaut);oui;Have you lost your PackshotCreator or Ortery software? ;Get your PackshotCreator or Ortery software;Recover your lost PackshotCreator or Ortery software - Solutions and alternatives;Recover your lost PackshotCreator or Ortery software - Solutions and alternatives;Problems with your PackshotCreator or Ortery software? Learn how to get your license back, fix Windows 11 compatibility issues, and explore modern alternatives.;Products;PackshotCreator;641;5;imageSource, author, content;0.993;5;D;40;"alt_wf_reserved=1 ; typo_espace_avant_ponctuation_en=1 ; nom:packshotcreator (minuscule hors URL)=1 ; nom:PackshotCreator remplace LW=1 ; metaTitle_long=1";34;1353;8.0;181;0;8726;
/fr/blog/ia-lumieres-virtuelles-revolution-packshot;fr;ia-lumieres-virtuelles-revolution-packshot;685ab5b7a6edbccf485aeb63;WEBFLOW_HERITE;fr/en;56d4bc32 2026-04-18 feat(content): 158 articles+guides extraits de Webflow;2025-06-24 14:27;2025-06-24;;200;index (par défaut);oui;Comment l’IA et les lumières virtuelles révolutionnent le packshot ?;Comment l’IA et l’éclairage virtuel transforment le packshot;Comment l’IA et les lumières virtuelles révolutionnent le packshot;Comment l’IA et les lumières virtuelles révolutionnent le packshot;Découvrez comment l’intelligence artificielle et l’éclairage virtuel automatisé redéfinissent la production packshot : productivité, qualité, maîtrise des matières complexes et standardisation industrielle.;Innovations;PackshotCreator;1305;5;imageSource, author, content;0.997;7;C;14;"alt_wf_reserved=1 ; metaTitle_long=1 ; description_longue=1";2;222;10.3;4;17;2106;
/en/blog/ai-virtual-lights-revolution-packshot;en;ai-virtual-lights-revolution-packshot;685ab5b7a6edbccf485aeb63;WEBFLOW_HERITE;fr/en;56d4bc32 2026-04-18 feat(content): 158 articles+guides extraits de Webflow;2025-06-24 14:27;2025-06-24;;200;index (par défaut);oui;How are AI and virtual lights revolutionizing the packshot?;How AI and Virtual Lighting Are Transforming the Packshot;How AI and Virtual Lights Are Revolutionizing the Packshot;How AI and Virtual Lights Are Revolutionizing the Packshot;Discover how artificial intelligence and automated virtual lighting are redefining packshot production: productivity, quality, control of complex materials and industrial standardization.;Innovations;PackshotCreator;1162;5;imageSource, author, content;0.998;7;C;28;"alt_wf_reserved=1 ; description_longue=1";2;113;12.5;6;0;1293;
/fr/blog/generer-images-produit-ia;fr;generer-images-produit-ia;native-2026-05-02-generer-images-produit-ia;NATIF_HORS_PERIMETRE;;"bda6ef57 2026-05-02 feat(blog): nouvel article FR ""generer-images-produit-ia""";;2026-05-01;;200;index (par défaut);oui;Comment générer des images produit avec l'IA — Guide pratique 2026;Comment générer des images produit avec l'IA — Guide pratique 2026;Générer des images produit avec l'IA : guide pratique 2026;Générer des images produit avec l'IA : guide pratique 2026;Comment générer des images produit avec l'IA en 2026 : étapes concrètes, approches text-to-image vs image-to-image, outils pro et limites à connaître.;IA & Photo Produit;Sébastien Jourdan;1670;5;;;4;hors périmètre;;"melange_langue=1 ; majuscule_apres_deux_points=2 ; nom:PackshotCreator remplace LW=1";71;3953;8.8;95;0;5278;#77 AI Act Q2 (natif, non fusionnée)
/fr/blog/alphashot-xl-g2-photo-mesures-donnees-produit;fr;alphashot-xl-g2-photo-mesures-donnees-produit;native-2026-07-14-alphashot-xl-g2;NATIF_HORS_PERIMETRE;fr/en/de-ch;7d5d5b84 2026-07-14 feat(blog): article Alphashot XL G2 (photo + mesures + données) FR/EN/DE-CH;;2026-07-14;;200;index (par défaut);oui;Alphashot XL G2 : photos, dimensions, poids et données produit en un seul cycle;Alphashot XL G2 : photos, dimensions, poids et données produit en un seul cycle;Alphashot XL G2 : photo, dimensions, poids et données en un cycle;Alphashot XL G2 : photo, dimensions, poids et données en un cycle;Photos, 360°, dimensions laser, poids et lecture d'étiquettes en un cycle, jusqu'à 250 produits/jour : ce que change l'Alphashot XL G2 et pour quels métiers.;Innovations;Sébastien Jourdan;1263;8;;;2;hors périmètre;;nom:PackshotCreator remplace LW=1;1;23;21.7;1;0;23;
/en/blog/alphashot-xl-g2-product-photos-measurements-data;en;alphashot-xl-g2-product-photos-measurements-data;native-2026-07-14-alphashot-xl-g2;NATIF_HORS_PERIMETRE;fr/en/de-ch;7d5d5b84 2026-07-14 feat(blog): article Alphashot XL G2 (photo + mesures + données) FR/EN/DE-CH;;2026-07-14;;200;index (par défaut);oui;Alphashot XL G2: product photos, dimensions, weight and data in a single cycle;Alphashot XL G2: product photos, dimensions, weight and data in a single cycle;Alphashot XL G2: photos, dimensions, weight and data in one cycle;Alphashot XL G2: photos, dimensions, weight and data in one cycle;Studio photos, 360° spins, laser dimensions, weight and label reading in one cycle, up to 250 products a day: what the Alphashot XL G2 changes, and for whom.;Innovations;Sébastien Jourdan;1174;8;;;2;hors périmètre;;nom:PackshotCreator remplace LW=1;0;88;10.1;0;0;88;
/de-ch/blog/alphashot-xl-g2-produktfotos-masse-gewicht-daten;de-ch;alphashot-xl-g2-produktfotos-masse-gewicht-daten;native-2026-07-14-alphashot-xl-g2;NATIF_HORS_PERIMETRE;fr/en/de-ch;7d5d5b84 2026-07-14 feat(blog): article Alphashot XL G2 (photo + mesures + données) FR/EN/DE-CH;;2026-07-14;;200;index (par défaut);oui;Alphashot XL G2: Produktfotos, Masse, Gewicht und Daten in einem einzigen Zyklus;Alphashot XL G2: Produktfotos, Masse, Gewicht und Daten in einem einzigen Zyklus;Alphashot XL G2: Fotos, Masse, Gewicht und Daten in einem Zyklus;Alphashot XL G2: Fotos, Masse, Gewicht und Daten in einem Zyklus;Fotos, 360°, Lasermasse, Gewicht und Etikettenlesung in einem Zyklus, bis zu 250 Produkte pro Tag: Was der Alphashot XL G2 ändert — und für welche Branchen.;Innovations;Sébastien Jourdan;1123;8;;;2;hors périmètre;;;0;9;43.9;0;0;9;
/fr/blog/migrer-ancien-packshotcreator;fr;migrer-ancien-packshotcreator;native-2026-09-25-migration-packshotcreator;NATIF_HORS_PERIMETRE;fr/en/de-ch;b60f7b15 2026-09-25 feat(blog): article « Migrer un ancien studio PackshotCreator vers Orbitvu et son IA » (FR, EN, DE-CH);;2026-09-25;;200;index (par défaut);oui;Migrer un ancien studio PackshotCreator vers Orbitvu et son IA;Migrer un ancien studio PackshotCreator vers Orbitvu et son IA;Migrer un ancien studio PackshotCreator vers Orbitvu et son IA;Migrer un ancien studio PackshotCreator vers Orbitvu et son IA;Votre ancien studio PackshotCreator tourne encore ? Studios Orbitvu de dernière génération, IA intégrée, suivi en France : migrer sans arrêter la production.;Produits;Sébastien Jourdan;2010;8;;;2;hors périmètre;;"nombre_format_en_dans_fr=1 ; nom:PackshotCreator remplace LW=1";0;7;43.7;0;0;7;#77 AI Act Q2 (natif, non fusionnée)
/en/blog/migrate-legacy-packshotcreator-studio;en;migrate-legacy-packshotcreator-studio;native-2026-09-25-migration-packshotcreator;NATIF_HORS_PERIMETRE;fr/en/de-ch;c9f7e2c6 2026-09-25 fix(blog): slug EN de l'article migration — « -old- » déclenchait le 410 du Worker;;2026-09-25;;200;index (par défaut);oui;Migrating an old PackshotCreator studio to Orbitvu and its AI;Migrating an old PackshotCreator studio to Orbitvu and its AI;Migrating an old PackshotCreator studio to Orbitvu and its AI;Migrating an old PackshotCreator studio to Orbitvu and its AI;Is your old PackshotCreator studio still running? Latest-generation Orbitvu studios, built-in AI, support in France: migrate without stopping production.;Products;Sébastien Jourdan;1925;8;;;2;hors périmètre;;nom:PackshotCreator remplace LW=1;1;15;23.1;1;0;15;#77 AI Act Q2 (natif, non fusionnée)
/de-ch/blog/altes-packshotcreator-studio-migrieren;de-ch;altes-packshotcreator-studio-migrieren;native-2026-09-25-migration-packshotcreator;NATIF_HORS_PERIMETRE;fr/en/de-ch;b60f7b15 2026-09-25 feat(blog): article « Migrer un ancien studio PackshotCreator vers Orbitvu et son IA » (FR, EN, DE-CH);;2026-09-25;;200;index (par défaut);oui;Altes PackshotCreator-Studio auf Orbitvu und seine KI migrieren;Altes PackshotCreator-Studio auf Orbitvu und seine KI migrieren;Altes PackshotCreator-Studio auf Orbitvu und seine KI migrieren;Altes PackshotCreator-Studio auf Orbitvu und seine KI migrieren;Ihr altes PackshotCreator-Studio läuft noch? Orbitvu-Studios der neuesten Generation, integrierte KI, Betreuung ab Lyon: umstellen ohne Produktionsstopp.;Produkte;Sébastien Jourdan;1811;8;;;2;hors périmètre;;"melange_langue=2 ; melange_langue_faq=1";0;0;;0;0;0;#77 AI Act Q2 (natif, non fusionnée)
